iv,x,y,boundary_flag,normal_x,normal_y
0,0.9743589743588676,1,1,0,1
1,1,0.9743589743589067,1,1,0
2,0.9792216004859475,0.9783383545335421,0,0,0
3,1,0.9487179487178135,1,1,0
4,0.9808402866158414,0.9531028943259798,0,0,0
5,0.9487179487177352,1,1,0,1
6,0.9531028943259897,0.9808402866158458,0,0,0
7,0.9670274476149864,0.9617279719005204,0,0,0
8,1,0.9230769230767202,1,1,0
9,1,0.8974358974356268,1,1,0
10,1,0.8717948717945336,1,1,0
11,1,0.8461538461534404,1,1,0
12,0.9230769230766028,1,1,0,1
13,0.9110287987106263,0.9799966611807163,0,0,0
14,0.9320199284414707,0.974959452694093,0,0,0
15,0.9484330737961192,0.9574861517582716,0,0,0
16,0.971758587368554,0.9356717410729244,0,0,0
17,0.9794421358719971,0.9119511995062232,0,0,0
18,0.9419466008360837,0.9377359765732026,0,0,0
19,0.9822967443620485,0.892574650737368,0,0,0
20,0.9584472711225557,0.9204972199135169,0,0,0
21,0.9606202058958174,0.9037796642902278,0,0,0
22,0.8974358974354704,1,1,0,1
23,0.8921574340491131,0.982647543101417,0,0,0
24,0.8717948717943863,1,1,0,1
25,0.9247429841896307,0.9539814816930434,0,0,0
26,0.9011885825698966,0.9599304188205433,0,0,0
27,0.9384688256403254,0.9133475181250057,0,0,0
28,0.9593224178538313,0.8637120162901974,0,0,0
29,0.950216290842681,0.8861964153333022,0,0,0
30,0.9801540836370279,0.8595975136338651,0,0,0
31,0.9714213800424281,0.8779116206602284,0,0,0
32,1,0.8205128205123471,1,1,0
33,1,0.7948717948712537,1,1,0
34,0.9773005311930346,0.8207541061388914,0,0,0
35,0.9477828411723984,0.8491026495190364,0,0,0
36,0.9670077357101885,0.8415280321042253,0,0,0
37,0.9786736454683366,0.7990502106988283,0,0,0
38,0.8461538461535258,1,1,0,1
39,0.8586089776330931,0.9796597760528172,0,0,0
40,0.8769480644509603,0.9672484057322507,0,0,0
41,0.8205128205126782,1,1,0,1
42,0.8898761076673216,0.9413107124292921,0,0,0
43,0.9119131718252707,0.9291238093079737,0,0,0
44,0.9170740183186797,0.9093307645092138,0,0,0
45,0.9308205626897929,0.8925799806356985,0,0,0
46,0.9393521757182639,0.8679358664905286,0,0,0
47,0.7948717948718305,1,1,0,1
48,0.8207541061392092,0.9773005311930937,0,0,0
49,0.8017598946762383,0.9802800396823754,0,0,0
50,0.7692307692309828,1,1,0,1
51,0.8591732888825554,0.961996375401155,0,0,0
52,0.8667114683204167,0.9439192597155929,0,0,0
53,0.8407233764041568,0.9665045899208049,0,0,0
54,0.8788465032012018,0.9217062051178286,0,0,0
55,0.8954253503927616,0.9020520872857253,0,0,0
56,0.959142450188184,0.8063559763035297,0,0,0
57,0.855835583848553,0.927671975713247,0,0,0
58,0.9431829867372219,0.8292489813952097,0,0,0
59,0.9121189802048777,0.8737977638557433,0,0,0
60,0.9270300052637941,0.8462011701483205,0,0,0
61,1,0.7692307692301605,1,1,0
62,0.9402790780357405,0.8111518449834646,0,0,0
63,0.9704770874116461,0.7789233879872935,0,0,0
64,0.9495234269831249,0.7843304003032636,0,0,0
65,0.9800330676450817,0.7572353284759473,0,0,0
66,1,0.7435897435890673,1,1,0
67,0.9601135365381205,0.760298113402613,0,0,0
68,0.9658275366108602,0.7422662462298951,0,0,0
69,0.933008043420258,0.7938403707659223,0,0,0
70,0.9053953794103635,0.8424067646810267,0,0,0
71,0.9173642896847393,0.8182145012285308,0,0,0
72,0.9413027984002575,0.7640835095458364,0,0,0
73,0.8236747857093443,0.9559643448037479,0,0,0
74,0.8386529401935056,0.9382658157354707,0,0,0
75,0.8577103299322069,0.9104962167934043,0,0,0
76,0.7824999414269247,0.9737480131548144,0,0,0
77,0.7617986549812645,0.9796222751808275,0,0,0
78,0.7435897435901351,1,1,0,1
79,0.8028125930508546,0.9577289572033196,0,0,0
80,0.7849879676789259,0.9527322966056178,0,0,0
81,0.8154309127589956,0.9400218299660508,0,0,0
82,0.8702042078935792,0.8986109821820845,0,0,0
83,0.881188493073231,0.877571996593281,0,0,0
84,0.8857561811104948,0.8529543207074496,0,0,0
85,0.6923076923084395,1,1,0,1
86,0.7179487179492873,1,1,0,1
87,0.7257244036419238,0.9794698306131822,0,0,0
88,0.7447864146969581,0.9680907986606395,0,0,0
89,0.7912735107498282,0.934961428319225,0,0,0
90,0.76431236823363,0.9472756102385376,0,0,0
91,0.8484194261048639,0.8958224341229029,0,0,0
92,0.8403735301957123,0.9131359159214589,0,0,0
93,0.8162544098822656,0.9170615988174287,0,0,0
94,0.8677505401288864,0.8597661245845556,0,0,0
95,0.8536817304377322,0.876527488659281,0,0,0
96,0.9139568755572349,0.7940190568138238,0,0,0
97,0.9244044524167269,0.775383948590312,0,0,0
98,0.8275679679886856,0.8890551969793364,0,0,0
99,0.8965026385190802,0.8026182080184532,0,0,0
100,0.8889059965201299,0.826452623860769,0,0,0
101,0.8680673204576927,0.8384638793090748,0,0,0
102,0.8525785794808101,0.852245874080688,0,0,0
103,0.9808724896886902,0.7294017385714213,0,0,0
104,1,0.717948717947974,1,1,0
105,0.9024910315360712,0.7785701592219725,0,0,0
106,0.6794871794880151,0.9854651290428146,0,0,0
107,0.6666666666675918,1,1,0,1
108,0.6410256410267439,1,1,0,1
109,1,0.6923076923068806,1,1,0
110,0.9271943123432286,0.7552251505269725,0,0,0
111,0.9620774176418692,0.724852723740859,0,0,0
112,0.9438235116336815,0.7408411789205378,0,0,0
113,0.9087014501836563,0.757392825931283,0,0,0
114,1,0.6666666666657874,1,1,0
115,0.9177393490818206,0.7384242896468939,0,0,0
116,0.9835209583873628,0.6803292755310569,0,0,0
117,0.9731516465597123,0.7030772966880503,0,0,0
118,0.9462785942484577,0.7128755097734127,0,0,0
119,0.9274656100214861,0.7209087575617446,0,0,0
120,0.8488407397542824,0.8326860356768384,0,0,0
121,0.8807259583926108,0.7843541928750206,0,0,0
122,0.8682391493622272,0.810611813392935,0,0,0
123,0.8880332490451059,0.7618845779947818,0,0,0
124,0.8926375180042823,0.7375977490396941,0,0,0
125,0.7020289144835667,0.976285249553078,0,0,0
126,0.7937359314065073,0.9140973043755337,0,0,0
127,0.8027015593339726,0.8974466444885719,0,0,0
128,0.7417732783333754,0.9481888983616353,0,0,0
129,0.7202682274896713,0.952973104852193,0,0,0
130,0.7460763987489545,0.9079968925284092,0,0,0
131,0.7654900120990462,0.9182444311852342,0,0,0
132,0.7377261029132423,0.9244160796951713,0,0,0
133,0.7785261258026048,0.9028594766363079,0,0,0
134,0.831630703342235,0.8567600899581119,0,0,0
135,0.7834459735208688,0.8840353996764533,0,0,0
136,0.5897435897450484,1,1,0,1
137,0.5641025641042006,1,1,0,1
138,0.6153846153858962,1,1,0,1
139,0.6794871794880151,0.9660840036183036,0,0,0
140,0.6355983670067482,0.9810151848677815,0,0,0
141,0.6561888344261182,0.9763408929064709,0,0,0
142,0.6938909384112053,0.9500953328798034,0,0,0
143,0.6643647043363725,0.9502268258628161,0,0,0
144,0.7063080399292393,0.925436580458011,0,0,0
145,0.7595936237820077,0.8942305090353695,0,0,0
146,0.7244382299715225,0.9071440785646044,0,0,0
147,0.8439755568433982,0.8094814282809057,0,0,0
148,0.8069796400454873,0.8731449996050966,0,0,0
149,0.8285531290393314,0.8285531290393163,0,0,0
150,0.8697641833661311,0.7661814903205556,0,0,0
151,0.7859773984529203,0.8629301788946074,0,0,0
152,0.802446489560948,0.8413391933671115,0,0,0
153,0.8549280474522887,0.7868822000009282,0,0,0
154,0.8134860773968655,0.8144503105510379,0,0,0
155,1,0.6410256410246943,1,1,0
156,0.9452788580524594,0.6898846654682363,0,0,0
157,0.9762238349856435,0.6599818927001498,0,0,0
158,0.9652304632881118,0.6812970213838609,0,0,0
159,0.8730403151389569,0.7474194412479696,0,0,0
160,0.6170417383885175,0.9707681679759205,0,0,0
161,0.6375347224263881,0.9553601388222098,0,0,0
162,0.5985525470008309,0.981074275398602,0,0,0
163,0.5384615384633528,1,1,0,1
164,0.9803902405972664,0.6363928594169593,0,0,0
165,0.9064898490238776,0.717439128774815,0,0,0
166,0.9467472592951588,0.6673216801561002,0,0,0
167,0.9229967461195928,0.694963680693063,0,0,0
168,0.8851741965066631,0.7160990599365316,0,0,0
169,1,0.6153846153836009,1,1,0
170,1,0.5897435897425076,1,1,0
171,0.9582260237367684,0.6463807541887299,0,0,0
172,0.8930466102201178,0.6986594709744178,0,0,0
173,0.9341973103186034,0.6512712478636721,0,0,0
174,0.9248339996621731,0.671617113871934,0,0,0
175,0.8991924283350143,0.6747895011576542,0,0,0
176,0.8521361225884637,0.747759450242627,0,0,0
177,0.8256750219922726,0.7927375430466342,0,0,0
178,0.8375236024959229,0.7682907136528944,0,0,0
179,0.8340548252281998,0.7495243257609292,0,0,0
180,0.8724943336245641,0.7031499097581957,0,0,0
181,0.8626305026908013,0.7236739386421892,0,0,0
182,0.6736341894457176,0.9288223712699717,0,0,0
183,0.7668974937082197,0.8736005893987668,0,0,0
184,0.7392066896509327,0.8940024033467888,0,0,0
185,0.6882635564393289,0.9105312563534272,0,0,0
186,0.7043274498424418,0.9025940100709634,0,0,0
187,0.7196606769165492,0.8883850395821564,0,0,0
188,0.7419988729651039,0.8748828150152457,0,0,0
189,0.7572417659727254,0.8556782874913595,0,0,0
190,0.7971511367953582,0.8234903610488836,0,0,0
191,0.77566089873336,0.8447367278353278,0,0,0
192,0.5762556949803305,0.9775997756548045,0,0,0
193,0.5943370965043627,0.9570034333622847,0,0,0
194,0.5715267208803377,0.9563617292238126,0,0,0
195,0.512820512822505,1,1,0,1
196,0.5483533728264631,0.9706664650187584,0,0,0
197,0.5246729263004202,0.9826894041576911,0,0,0
198,0.4998515134792872,0.9790680194181922,0,0,0
199,0.5995885599645189,0.9358464660907005,0,0,0
200,0.6154243164231477,0.9450551338013026,0,0,0
201,0.6481808287474575,0.9370524475250993,0,0,0
202,0.629507063775061,0.9291463897176553,0,0,0
203,0.6705554438679531,0.9022438491719053,0,0,0
204,0.6492877475452273,0.9167625966780336,0,0,0
205,0.6931548972307526,0.887076173820933,0,0,0
206,0.7366353484955048,0.8536962236405591,0,0,0
207,0.714837921838542,0.8646107566744036,0,0,0
208,0.8069077021610239,0.7724341040647189,0,0,0
209,0.7972658402616812,0.7936527177505189,0,0,0
210,0.7853125437518937,0.8095879224079194,0,0,0
211,0.7789372581442431,0.8264245902693301,0,0,0
212,0.8361276340075479,0.7314809589268887,0,0,0
213,0.750066345355954,0.8317798790348294,0,0,0
214,0.7668433745027748,0.8124928619091327,0,0,0
215,0.8148992635963688,0.749820361704293,0,0,0
216,0.7679775551926815,0.794082987122034,0,0,0
217,0.7827759980300839,0.7758061012923848,0,0,0
218,0.96750134426392,0.6191913937876214,0,0,0
219,0.980242612785065,0.5988878811995908,0,0,0
220,1,0.5641025641014143,1,1,0
221,0.9656644512697766,0.5850537783074429,0,0,0
222,0.9085632712886471,0.6529457150862508,0,0,0
223,0.9390158109960435,0.6322288342289776,0,0,0
224,0.8379293805753684,0.7128159405159906,0,0,0
225,0.5789716236189132,0.932707083102349,0,0,0
226,0.6289864418465104,0.905425796166766,0,0,0
227,0.6100780490651574,0.9196731262022072,0,0,0
228,0.5219414952254764,0.9625347549680225,0,0,0
229,0.5563042065655097,0.9425522284927805,0,0,0
230,0.4871794871815149,1,1,0,1
231,0.4743589743609484,0.9857360144593332,0,0,0
232,0.4615384615403826,1,1,0,1
233,0.9442516271820701,0.5920834307108434,0,0,0
234,0.9604650705917891,0.6007573423683751,0,0,0
235,0.9453458818590388,0.6102706794326939,0,0,0
236,0.8728976025413836,0.6830103221944804,0,0,0
237,0.8487227561638556,0.6943067570433598,0,0,0
238,0.9162446554197892,0.6334031107373952,0,0,0
239,0.8831062609299005,0.6554078506140494,0,0,0
240,0.8549165970325939,0.6766452702045377,0,0,0
241,0.9781422306173212,0.572093217072243,0,0,0
242,1,0.5384615384603212,1,1,0
243,1,0.5128205128192278,1,1,0
244,0.9807463295731896,0.5460637857498687,0,0,0
245,0.9857360144591994,0.5256410256397742,0,0,0
246,0.9497780171765511,0.5731149650939784,0,0,0
247,0.9204196033713311,0.6094947121428494,0,0,0
248,1,0.4871794871782058,1,1,0
249,1,0.461538461537255,1,1,0
250,0.86024410612524,0.6600307541536685,0,0,0
251,0.8938049730664019,0.6311854662728,0,0,0
252,0.8725157521146778,0.6329700399768022,0,0,0
253,0.795977874215023,0.7382040287846448,0,0,0
254,0.8161824245250191,0.7222804724687721,0,0,0
255,0.7995015849505079,0.7206844715830021,0,0,0
256,0.7845473833377826,0.7552107375916963,0,0,0
257,0.8378019232998964,0.6692332474266421,0,0,0
258,0.8246020330776377,0.7001576323879313,0,0,0
259,0.8219282495474314,0.6808032621828068,0,0,0
260,0.6512969714857529,0.8920959913064248,0,0,0
261,0.6701400847429417,0.8784031243800628,0,0,0
262,0.7215748613722772,0.8432584663949221,0,0,0
263,0.72459732306756,0.8248909954466569,0,0,0
264,0.6900780902583296,0.8650831835917707,0,0,0
265,0.6733615645120645,0.8533663339874895,0,0,0
266,0.7007238884888023,0.8434194590394797,0,0,0
267,0.7466193019336285,0.8114250416052144,0,0,0
268,0.5915130962234701,0.9101055180523114,0,0,0
269,0.5597218850577946,0.9236352065601967,0,0,0
270,0.5444844170918401,0.9276267507693514,0,0,0
271,0.5334621861646314,0.9431404129532279,0,0,0
272,0.5711810734628606,0.9058676897049347,0,0,0
273,0.5488497662655101,0.9090007928145366,0,0,0
274,0.5264473648370753,0.9189621371919516,0,0,0
275,0.4102564102581178,1,1,0,1
276,0.4358974358992502,1,1,0,1
277,0.4960313824727502,0.9541808589779969,0,0,0
278,0.4539362142505893,0.9807463295731884,0,0,0
279,0.4753346698013269,0.9659112043947178,0,0,0
280,0.5131052651027064,0.9383101432002213,0,0,0
281,0.4928383849454607,0.9353055177607743,0,0,0
282,0.472710854548661,0.9447693831843924,0,0,0
283,0.5801638832267579,0.8891108868550071,0,0,0
284,0.6064587669116532,0.8913098044628529,0,0,0
285,0.6486719529791356,0.8656514494861416,0,0,0
286,0.6294514626093224,0.8843395944823252,0,0,0
287,0.6160468239863132,0.8620264369565347,0,0,0
288,0.6791064549338603,0.8337621103829851,0,0,0
289,0.6580590532498376,0.8381698163711628,0,0,0
290,0.7219515452658822,0.8042699864037963,0,0,0
291,0.6959912086707816,0.8167848203060333,0,0,0
292,0.7712198481929496,0.741036175274608,0,0,0
293,0.7571815091972498,0.763649959932956,0,0,0
294,0.7402683291701139,0.7916684222966802,0,0,0
295,0.8027068652938245,0.7013633353280776,0,0,0
296,0.802085049986266,0.675296898760141,0,0,0
297,0.7204871858442307,0.7863734137177917,0,0,0
298,0.77699569657199,0.7195343463656025,0,0,0
299,0.730806399789603,0.77077038114096,0,0,0
300,0.7313613254255471,0.7516518621935495,0,0,0
301,0.7495495472357343,0.7376129986836792,0,0,0
302,0.9790680194181807,0.5001484865210964,0,0,0
303,0.9277567897732646,0.5836037081145082,0,0,0
304,0.9659112043946383,0.5246653301988302,0,0,0
305,0.9519130602147124,0.5520716760398695,0,0,0
306,0.9257270526379493,0.5630174892372777,0,0,0
307,0.8908833412422901,0.6087682467394264,0,0,0
308,0.8204561883132643,0.6579859033707827,0,0,0
309,0.5588968146855543,0.8920082385976982,0,0,0
310,0.588415663721243,0.8678828317695992,0,0,0
311,0.3589743589758531,1,1,0,1
312,0.3846153846169855,1,1,0,1
313,0.282051282052456,1,1,0,1
314,0.3076923076935884,1,1,0,1
315,0.3333333333347207,1,1,0,1
316,0.5055715733854063,0.920425063125382,0,0,0
317,0.3634622851255311,0.9804742338255951,0,0,0
318,0.4279067829281219,0.9781422306172369,0,0,0
319,0.4011121188005733,0.9802426127851438,0,0,0
320,0.4149462216925822,0.9656644512696985,0,0,0
321,0.3808086062124484,0.96750134426393,0,0,0
322,0.4479283239601882,0.9519130602146469,0,0,0
323,0.8870652578035655,0.5921654172718575,0,0,0
324,0.9067343118326746,0.5861146725024676,0,0,0
325,0.852803806740591,0.6184999174979859,0,0,0
326,0.8414596506039305,0.6414926301477536,0,0,0
327,0.86832231920284,0.6002527604783795,0,0,0
328,0.8147064689595009,0.637298071430493,0,0,0
329,1,0.4358974358963042,1,1,0
330,1,0.4102564102553534,1,1,0
331,0.9826894041577485,0.4753270737000372,0,0,0
332,0.9447693831843427,0.5272891454512617,0,0,0
333,0.962534754968138,0.4780585047744593,0,0,0
334,0.9541808589779951,0.5039686175273044,0,0,0
335,0.9246448573440962,0.5358684510920879,0,0,0
336,0.9353055177608052,0.5071616150544995,0,0,0
337,0.8765041537167324,0.5768609702152888,0,0,0
338,0.8984125614665041,0.5605185398033689,0,0,0
339,1,0.3846153846144026,1,1,0
340,0.9810742753985662,0.4014474529993954,0,0,0
341,0.9775997756546865,0.4237443050200382,0,0,0
342,0.9706664650187554,0.4516466271737841,0,0,0
343,0.8798184005439342,0.5588861215847911,0,0,0
344,0.8300156810678934,0.6174111382856565,0,0,0
345,0.8455918913258875,0.5992451117208495,0,0,0
346,0.756200254718953,0.7047500514149637,0,0,0
347,0.7781122422941513,0.6920787139706972,0,0,0
348,0.738739358570898,0.7166375451792862,0,0,0
349,0.8005815112195459,0.6553554538599324,0,0,0
350,0.7883335664902015,0.6414074638870868,0,0,0
351,0.7773262823484964,0.6647889318511587,0,0,0
352,0.598508688747978,0.8516555668159553,0,0,0
353,0.6205078662695469,0.8372695093923798,0,0,0
354,0.6386493287076377,0.8449684985510306,0,0,0
355,0.7023550654355759,0.7928513366097496,0,0,0
356,0.6801995388339392,0.7961677733711652,0,0,0
357,0.6421911505184935,0.8208228718088534,0,0,0
358,0.6673965597478159,0.817070122210759,0,0,0
359,0.7123292419233677,0.7705930460024637,0,0,0
360,0.5571885937068562,0.8670941444055946,0,0,0
361,0.5340468856620739,0.8888022233179796,0,0,0
362,0.4868387650575989,0.9126005220126199,0,0,0
363,0.5083851445518685,0.8999579063705572,0,0,0
364,0.531028514845972,0.8663324276487229,0,0,0
365,0.5177725295214998,0.8529978861598844,0,0,0
366,0.508375938477388,0.8714343843678841,0,0,0
367,0.4853554537254799,0.889584627283608,0,0,0
368,0.4078609559235327,0.9442369517824543,0,0,0
369,0.3992426576316759,0.9604650705917903,0,0,0
370,0.4268850349060549,0.9497780171765017,0,0,0
371,0.464131548907901,0.9246448573440712,0,0,0
372,0.4672834544352331,0.9019088815312655,0,0,0
373,0.4385347932363479,0.9251216343302597,0,0,0
374,0.3897293205673047,0.9453458818590245,0,0,0
375,0.3192501036470343,0.9836648793793947,0,0,0
376,0.2307692307701913,1,1,0,1
377,0.5777673280266964,0.8428788954367357,0,0,0
378,0.6020869917534568,0.8339721942563116,0,0,0
379,0.5883249914811749,0.82129593417991,0,0,0
380,0.6150141627295074,0.8153288429897352,0,0,0
381,0.6363878355607027,0.7965128652559531,0,0,0
382,0.6553424449813101,0.7976187351001458,0,0,0
383,0.6917577314312071,0.7744204741015561,0,0,0
384,0.6683542227369441,0.778261151898748,0,0,0
385,0.7220578241906641,0.7278039091753999,0,0,0
386,0.7051949783071629,0.7522452221043203,0,0,0
387,0.7675931952828422,0.6469148414133005,0,0,0
388,0.7484660307398709,0.6607981550910513,0,0,0
389,0.7527267080801138,0.6832639170024914,0,0,0
390,0.6842270830735235,0.7548678297958231,0,0,0
391,0.7277605275542596,0.6991930474004885,0,0,0
392,0.6966148484653951,0.7306881269381514,0,0,0
393,0.7055631163923513,0.7106735769619821,0,0,0
394,0.9383064289791065,0.4868926721352184,0,0,0
395,0.9431404129532601,0.4665378138353689,0,0,0
396,0.902196247620805,0.5328767552520661,0,0,0
397,0.920381383884989,0.4944041685328451,0,0,0
398,0.9125679949187357,0.5131431704134425,0,0,0
399,0.8857711970910491,0.5402090686769296,0,0,0
400,0.8528920314761363,0.5732596199264466,0,0,0
401,0.8041734553679136,0.6164523391149589,0,0,0
402,0.53640841355985,0.8458759902027141,0,0,0
403,0.5556754776101432,0.8377690459110139,0,0,0
404,0.5678341055089714,0.8175131421552186,0,0,0
405,0.3392938300111061,0.9766438011272396,0,0,0
406,0.3182170067346132,0.96543764093247,0,0,0
407,0.3536192458112622,0.958226023736806,0,0,0
408,0.2714125221725253,0.9812230549238263,0,0,0
409,0.2951886067269024,0.9735319497181534,0,0,0
410,0.2564102564113235,1,1,0,1
411,0.2427646715242123,0.9800330676450897,0,0,0
412,0.2577337537701339,0.9658275366108598,0,0,0
413,0.2736609463546755,0.9624747093811327,0,0,0
414,0.3493701233446065,0.9351930681759995,0,0,0
415,0.3081018272898462,0.9473470711712849,0,0,0
416,0.331741179258092,0.9459017116931447,0,0,0
417,0.4606100442885779,0.8843018395495432,0,0,0
418,0.3898512746773244,0.9202470206719495,0,0,0
419,0.3677711657709857,0.9390158109960285,0,0,0
420,0.4163962918854918,0.9277567897732452,0,0,0
421,0.3623787706918165,0.9168598936363552,0,0,0
422,0.4394814601966075,0.8984125614664847,0,0,0
423,1,0.3589743589734518,1,1,0
424,0.8650197945096715,0.5485665234725188,0,0,0
425,0.7777671061685111,0.6183786944749319,0,0,0
426,0.819227807800942,0.5904338432619237,0,0,0
427,0.8452308835542242,0.5508402849070475,0,0,0
428,1,0.333333333332501,1,1,0
429,0.7915191733405842,0.5980458829434195,0,0,0
430,0.8223460091639296,0.5607038720355685,0,0,0
431,0.9810151848677664,0.3644016329932368,0,0,0
432,0.9707681679759188,0.3829582616115061,0,0,0
433,0.9189621371919579,0.473552635162902,0,0,0
434,0.9276267507693546,0.4555155829081364,0,0,0
435,0.9563617292236348,0.4284732791195587,0,0,0
436,0.9570034333622248,0.4056629034956767,0,0,0
437,0.9425522284927421,0.4436957934345068,0,0,0
438,0.8895846272836394,0.5146445462745016,0,0,0
439,0.9236352065601796,0.4402781149421727,0,0,0
440,0.9090007928145308,0.4511502337344494,0,0,0
441,0.9854651290428448,0.3205128205120255,0,0,0
442,1,0.3076923076915502,1,1,0
443,0.899684678781667,0.4914631134049352,0,0,0
444,0.8577431311252153,0.5252874311228628,0,0,0
445,0.9763408929064685,0.3438111655739198,0,0,0
446,1,0.2820512820505994,1,1,0
447,0.9762852495530792,0.29797108551643,0,0,0
448,0.9553601388222052,0.362465277573602,0,0,0
449,0.9358464660906805,0.4004114400354272,0,0,0
450,0.9450551338012888,0.3845756835768335,0,0,0
451,0.9327070831023072,0.4210283763810388,0,0,0
452,0.905867689704912,0.4288189265370908,0,0,0
453,0.8349265909823128,0.5354892279875398,0,0,0
454,0.7977580087156151,0.5555266755259788,0,0,0
455,0.7926785617730374,0.5755861931742946,0,0,0
456,0.7260594509615061,0.6717492140445414,0,0,0
457,0.7011147180211383,0.6839485171111578,0,0,0
458,0.7421475205879932,0.640483336725718,0,0,0
459,0.7682363081957981,0.5949023618317898,0,0,0
460,0.7577213764745311,0.6297403986065336,0,0,0
461,0.7456781268070587,0.6124186815985587,0,0,0
462,0.7271107871654332,0.6522153387437017,0,0,0
463,0.5909455402155999,0.7989092317905448,0,0,0
464,0.6172314988568736,0.7945283253391231,0,0,0
465,0.663426431737469,0.7554021203056716,0,0,0
466,0.638910052069287,0.7748876365501173,0,0,0
467,0.6762263914189859,0.7360476565198466,0,0,0
468,0.5161835298492016,0.8352027872369384,0,0,0
469,0.4788157179020729,0.8642861471017995,0,0,0
470,0.4968662508750874,0.8461438413431628,0,0,0
471,0.5391789472483415,0.8154830573548058,0,0,0
472,0.5130355560332598,0.81357338000105,0,0,0
473,0.4406514756868872,0.8760746530086363,0,0,0
474,0.4931323386669458,0.8221657845498141,0,0,0
475,0.4692754271360581,0.8370847567220834,0,0,0
476,0.4532145979116729,0.8607149259469096,0,0,0
477,0.4465912847206773,0.8407008213526451,0,0,0
478,0.4078345827280734,0.8870652578035536,0,0,0
479,0.4136782612756855,0.9064427873066185,0,0,0
480,0.4231390297846673,0.8765041537167237,0,0,0
481,0.3702466401508854,0.8982153100927434,0,0,0
482,0.2860884333937341,0.9450811161090804,0,0,0
483,0.2051282051290588,1,1,0,1
484,0.1794871794879265,1,1,0,1
485,0.1538461538467942,1,1,0,1
486,0.2400474296627371,0.9606821006419151,0,0,0
487,0.2210766120129367,0.9704770874117081,0,0,0
488,0.2009497893013705,0.9786736454683502,0,0,0
489,0.1792458938613236,0.9773005311929925,0,0,0
490,0.2156740227756636,0.9494741297371778,0,0,0
491,0.1936440236966956,0.9591424501881568,0,0,0
492,0.4258874407963498,0.8529522892929189,0,0,0
493,0.5625296217566205,0.7942063325111566,0,0,0
494,0.6045927343902689,0.770995425216355,0,0,0
495,0.5788542089098183,0.7773636270653844,0,0,0
496,0.6557293243539569,0.7313917316277593,0,0,0
497,0.6224908460622125,0.7544564384582289,0,0,0
498,0.6419747402209186,0.7491758176899685,0,0,0
499,0.6025186327240473,0.7430259409226628,0,0,0
500,0.6780492617364352,0.7098123199457023,0,0,0
501,0.7241313167866424,0.630482277602471,0,0,0
502,0.705855194401799,0.6539739719766384,0,0,0
503,0.6506990566310026,0.7106047809253602,0,0,0
504,0.6602047341384885,0.6934733837241035,0,0,0
505,0.6841972122123116,0.6625115759670978,0,0,0
506,0.676967243824769,0.6828348095405734,0,0,0
507,1,0.2564102564096487,1,1,0
508,0.8888022233179805,0.4659531143379004,0,0,0
509,0.8651773457581176,0.4689843616662352,0,0,0
510,0.869139272621126,0.4903494283599243,0,0,0
511,0.8430052417339042,0.502566425171225,0,0,0
512,0.8129248167973653,0.5389290433578282,0,0,0
513,0.7651575910519094,0.5763944694702833,0,0,0
514,0.7450860873266986,0.5886352597747385,0,0,0
515,0.5212256552553987,0.7957308112202803,0,0,0
516,0.4960933633117917,0.8010055014884917,0,0,0
517,0.5398262988369174,0.7868025852061252,0,0,0
518,0.5574611267669127,0.7685438553337678,0,0,0
519,0.3480544633551923,0.8982709230651686,0,0,0
520,0.310096084518465,0.9251275336096141,0,0,0
521,0.3344188369905749,0.9207415385334329,0,0,0
522,0.257881415710082,0.9467098895437434,0,0,0
523,0.245653769844748,0.9290636865185787,0,0,0
524,0.2641087052204114,0.9249935556329898,0,0,0
525,0.2359164904541669,0.9413027984002508,0,0,0
526,0.2855232402305671,0.9147760153784135,0,0,0
527,0.3006362418919842,0.8999411931302332,0,0,0
528,0.3238070118597887,0.8997355305026532,0,0,0
529,0.403479318353667,0.868783746500784,0,0,0
530,0.3624556366453846,0.8745959904529425,0,0,0
531,0.3348849987232137,0.878971585476492,0,0,0
532,0.3894923969972003,0.8884345352235496,0,0,0
533,0.4549201444461947,0.8205615013501737,0,0,0
534,0.950226825862813,0.3356352956636326,0,0,0
535,0.966084003618321,0.3205128205120255,0,0,0
536,0.8282360485906252,0.5182609997574175,0,0,0
537,0.773680025034432,0.5595654896616927,0,0,0
538,0.8058614681548355,0.519259275821916,0,0,0
539,0.9500953328798143,0.3061090615888006,0,0,0
540,0.9794698306131799,0.274275596357997,0,0,0
541,1,0.2307692307686978,1,1,0
542,1,0.2051282051277471,1,1,0
543,1,0.1794871794867963,1,1,0
544,0.9796222751807944,0.2382013450185708,0,0,0
545,0.7871606308093112,0.5428487794005101,0,0,0
546,1,0.1538461538458455,1,1,0
547,0.9370524475250952,0.3518191712525409,0,0,0
548,0.9291486409760159,0.3704991874657351,0,0,0
549,0.9196731262021967,0.3899219509348167,0,0,0
550,0.8920082385976855,0.4411031853144121,0,0,0
551,0.8890990917806665,0.4198522900041689,0,0,0
552,0.9100998447458195,0.4084946829301848,0,0,0
553,0.8389957827402512,0.4823638853148468,0,0,0
554,0.8670941444055774,0.4428114062931226,0,0,0
555,0.9529731048521985,0.2797317725103153,0,0,0
556,0.9680907986606222,0.255213585302992,0,0,0
557,0.8454439022039147,0.463626923511017,0,0,0
558,0.8199769490803952,0.4966427125715618,0,0,0
559,0.8107172123852,0.476387779855677,0,0,0
560,0.9288223712699774,0.32636581055427,0,0,0
561,0.9481888983616312,0.2582267216665976,0,0,0
562,0.9254365804580202,0.2936919600707495,0,0,0
563,0.9054522709651823,0.3710870727454471,0,0,0
564,0.9167625966780386,0.3507122524547557,0,0,0
565,0.8912163991449894,0.3936693090746816,0,0,0
566,0.8678828317695908,0.4115843362787328,0,0,0
567,0.7984178611640517,0.4989487841045416,0,0,0
568,0.7815141458292305,0.518468298989924,0,0,0
569,0.758683984527815,0.5341820900126927,0,0,0
570,0.7461069729295807,0.5632830429089004,0,0,0
571,0.660886746628729,0.6712517358642823,0,0,0
572,0.691153295384461,0.6359904575668973,0,0,0
573,0.6692060750129737,0.6470699637430376,0,0,0
574,0.7273125609564386,0.5606741793676476,0,0,0
575,0.7264082112251101,0.5816439662732248,0,0,0
576,0.7066110565682058,0.6160761771459621,0,0,0
577,0.7247568989188957,0.6038540239319091,0,0,0
578,0.7007717733986614,0.5924977871966043,0,0,0
579,0.710046841110009,0.5726012563408081,0,0,0
580,0.6877578329503145,0.6165876675447672,0,0,0
581,0.581097403805793,0.7564382152699621,0,0,0
582,0.6276029067607795,0.7275534359689806,0,0,0
583,0.632965885844786,0.7015701627889661,0,0,0
584,0.6056707877169536,0.7230185123393014,0,0,0
585,0.4718830151106506,0.8095419654271003,0,0,0
586,0.5236296583960813,0.7762098422465523,0,0,0
587,0.5636901379712699,0.7474189057997744,0,0,0
588,0.5365383885829865,0.7663434248383714,0,0,0
589,0.5017490830297651,0.7799286034197777,0,0,0
590,0.4742118038813586,0.7849604022329514,0,0,0
591,0.4001484709472886,0.8463637443566931,0,0,0
592,0.4350417425237142,0.8242918764230562,0,0,0
593,0.4525211856355157,0.777395480998428,0,0,0
594,0.4481927470389763,0.7991486581760907,0,0,0
595,0.4087937279770604,0.8247307836161007,0,0,0
596,0.4185451030922148,0.7994652812353703,0,0,0
597,0.3810223551866847,0.858045776517139,0,0,0
598,0.3414855556096075,0.8591432149877565,0,0,0
599,0.2247010099100061,0.923457550916177,0,0,0
600,0.2691705291364836,0.9070310915860262,0,0,0
601,0.2456612279290733,0.9088546380997322,0,0,0
602,0.1025641025645295,1,1,0,1
603,0.1282051282056618,1,1,0,1
604,0.1584719678959459,0.967007735710109,0,0,0
605,0.1074253492627279,0.9822967443620576,0,0,0
606,0.1404024863662668,0.9801540836370108,0,0,0
607,0.1220883793397956,0.9714213800424435,0,0,0
608,0.07692307692339706,1,1,0,1
609,0.1362879837098698,0.9593224178538097,0,0,0
610,0.1508973504810152,0.947782841172354,0,0,0
611,0.206159629234146,0.9330080434201222,0,0,0
612,0.1888481550165912,0.9402790780356988,0,0,0
613,0.1707510186048183,0.9431829867371405,0,0,0
614,0.1537988298516914,0.9270300052637632,0,0,0
615,0.2059809431862032,0.9139568755571543,0,0,0
616,0.2214298407780523,0.9024910315360457,0,0,0
617,0.1817854987714926,0.9173642896846902,0,0,0
618,0.3807326527202873,0.8261568317311077,0,0,0
619,0.3235076778519709,0.8616712950649785,0,0,0
620,0.5444327721528488,0.7499155381410356,0,0,0
621,0.5551516201803812,0.7308593923075868,0,0,0
622,0.5803077669504136,0.7313375279465196,0,0,0
623,0.5885522221388004,0.7099534838540179,0,0,0
624,0.6119075738693355,0.7042246633538056,0,0,0
625,0.6371630965220137,0.6800936298153564,0,0,0
626,0.656011670334687,0.6372919559642716,0,0,0
627,0.6699437607702148,0.6248195610071574,0,0,0
628,0.6144100054594643,0.6835335792362802,0,0,0
629,0.6473475741993153,0.6541821621248481,0,0,0
630,0.6770713789117055,0.6006496728485027,0,0,0
631,0.6912751056042198,0.5658437719959757,0,0,0
632,0.9802800396823088,0.1982401053234755,0,0,0
633,0.9737480131547628,0.2175000585729006,0,0,0
634,0.9773005311931684,0.179245893860445,0,0,0
635,0.9527322966055634,0.2150120323210428,0,0,0
636,0.9577289572032571,0.1971874069489659,0,0,0
637,1,0.1282051282048931,1,1,0
638,0.9796597760528402,0.1413910223665235,0,0,0
639,0.9826475431013026,0.1078425659505277,0,0,0
640,1,0.1025641025639128,1,1,0
641,0.839876915160184,0.4431894758470833,0,0,0
642,0.8428026040379051,0.4204377688497339,0,0,0
643,0.8243101847021779,0.4565942286492021,0,0,0
644,0.7797011556029301,0.4998186881145509,0,0,0
645,0.7314598493366833,0.5393839095380369,0,0,0
646,0.4669955947482425,0.7662798309098349,0,0,0
647,0.487693946430715,0.7609493318670707,0,0,0
648,0.5176301900017644,0.7539781456720843,0,0,0
649,0.5370552647545346,0.7326946989276124,0,0,0
650,0.2830770448780385,0.8906170511083262,0,0,0
651,0.306310899818397,0.8770444522638042,0,0,0
652,0.260955760966937,0.8909714445903618,0,0,0
653,0.2528690089674645,0.8732511876638402,0,0,0
654,0.2406928428690548,0.8887531327180005,0,0,0
655,0.2765989434388172,0.8643502263745916,0,0,0
656,0.3040301691153534,0.8503754867855624,0,0,0
657,0.3308267659932831,0.8428217358112776,0,0,0
658,0.3596454016790743,0.8170271517506763,0,0,0
659,0.3571746134641517,0.8420388919956505,0,0,0
660,0.4290922866535926,0.7743296174759626,0,0,0
661,0.8923482454147995,0.3490160400797397,0,0,0
662,0.9022438491719205,0.3294445561320326,0,0,0
663,0.910530538364263,0.311744134151639,0,0,0
664,0.7701938546181207,0.4871051290271597,0,0,0
665,0.788135392542042,0.4804027887517957,0,0,0
666,0.7621115599914006,0.5059258439251133,0,0,0
667,0.9025940100709725,0.295672550157544,0,0,0
668,0.9071440785646059,0.275561770028464,0,0,0
669,0.9244160796951753,0.2622738970867456,0,0,0
670,0.9472756102385291,0.2356876317663377,0,0,0
671,0.9665045899209858,0.1592766235955254,0,0,0
672,0.955964344803804,0.1763252142904675,0,0,0
673,0.961996375401196,0.140826711117233,0,0,0
674,0.9349614283192227,0.2087264892501532,0,0,0
675,0.7377412737447581,0.5113742925050827,0,0,0
676,1,0.07692307692292639,1,1,0
677,0.9672484057322372,0.1230519355487896,0,0,0
678,0.88433959448233,0.3705485373906594,0,0,0
679,0.8515812422769218,0.4013941175382527,0,0,0
680,0.8613725997315359,0.3848497079181896,0,0,0
681,0.8338074272878548,0.397833577690508,0,0,0
682,0.8197337404513452,0.4324770519323409,0,0,0
683,0.8784031243800775,0.3298599152570438,0,0,0
684,0.9079968925284138,0.253923601251024,0,0,0
685,0.9182444311852567,0.234509987900937,0,0,0
686,0.9140973043756743,0.2062640685934627,0,0,0
687,0.9028594766363299,0.2214738741973921,0,0,0
688,0.8179811393421363,0.408160660289377,0,0,0
689,0.7931970208733645,0.449331978457916,0,0,0
690,0.772255798760875,0.4666523548998335,0,0,0
691,0.8883838668665011,0.2803518843820482,0,0,0
692,0.8870691375269781,0.3069204705609049,0,0,0
693,0.8940024033467915,0.2607933103490494,0,0,0
694,0.8690197176113308,0.3514033915495504,0,0,0
695,0.8367367792389894,0.3786030386518513,0,0,0
696,0.8455289947443305,0.3595908474511663,0,0,0
697,0.8192392786111901,0.385227137053979,0,0,0
698,0.7487653661933561,0.4827259694445049,0,0,0
699,0.7236602803950547,0.4923112047263243,0,0,0
700,0.7139459002890034,0.5188549719046966,0,0,0
701,0.7018522849415525,0.5454762869430146,0,0,0
702,0.6227938833197904,0.65305422248167,0,0,0
703,0.6370876215163469,0.6333170373778336,0,0,0
704,0.6520649106417961,0.6126536819562383,0,0,0
705,0.6600670036769221,0.588085712652673,0,0,0
706,0.6780857563635765,0.5523210014874304,0,0,0
707,0.6794208509761224,0.5833848927632398,0,0,0
708,0.6675173841928965,0.5682770658759301,0,0,0
709,0.5643697104561316,0.7120790030856532,0,0,0
710,0.542469360836264,0.7163073302182137,0,0,0
711,0.5941115203503613,0.6870650790825327,0,0,0
712,0.6010101846580997,0.6646240759633713,0,0,0
713,0.5712032112906369,0.6916488469844785,0,0,0
714,0.4498425885848171,0.757671947327041,0,0,0
715,0.4929682477108674,0.7383944913144392,0,0,0
716,0.5176942229458681,0.7218790719791459,0,0,0
717,0.4704745099977304,0.7463337391321471,0,0,0
718,0.4515204306978167,0.7347566645978554,0,0,0
719,0.3924069577825078,0.7991546786574594,0,0,0
720,0.4313160701407095,0.7446428764128887,0,0,0
721,0.4077087880453627,0.7508464510431297,0,0,0
722,0.4014438766390541,0.7746289462572614,0,0,0
723,0.3686976176695594,0.7961193280861334,0,0,0
724,0.3785016754364253,0.773646009109433,0,0,0
725,0.3397967516969084,0.821336529555881,0,0,0
726,0.3478025828177788,0.7993636579425064,0,0,0
727,0.3188187404041086,0.8243896856918564,0,0,0
728,0.2881442526638501,0.8379790008605972,0,0,0
729,0.1973817919815589,0.8965026385190606,0,0,0
730,0.2156458071249943,0.8807259583925968,0,0,0
731,0.2338185096794577,0.8697641833661202,0,0,0
732,0.02564102564113235,1,1,0,1
733,0.05128205128226471,1,1,0,1
734,0.08804880049386542,0.9794421358720138,0,0,0
735,0.04689710567402102,0.9808402866158457,0,0,0
736,0.02166164546646529,0.9792216004859464,0,0,0
737,0.06432825892709608,0.9717585873685677,0,0,0
738,0.07950278008650929,0.9584472711225657,0,0,0
739,0.09622033570978727,0.9606202058958305,0,0,0
740,0.1138035846667116,0.9502162908426852,0,0,0
741,0.08665248187499797,0.9384688256403333,0,0,0
742,0.132064133509484,0.9393521757182561,0,0,0
743,0.107420019364303,0.9308205626897978,0,0,0
744,0,0.9743589743588676,1,-1,0
745,0.03827202809948436,0.9670274476149872,0,0,0
746,0.1262022361442601,0.9121189802048846,0,0,0
747,0.0906692354907848,0.91707401831868,0,0,0
748,0.06226402342679976,0.9419466008360833,0,0,0
749,0.2522789878830559,0.8524169512701272,0,0,0
750,0.1575932353189832,0.9053953794103486,0,0,0
751,0.173547376139236,0.8889059965201174,0,0,0
752,0.1615361206909327,0.8680673204576905,0,0,0
753,0.1470456792925568,0.8857561811104935,0,0,0
754,0.2131177999990828,0.8549280474522829,0,0,0
755,0.1893881866070748,0.8682391493622215,0,0,0
756,0.358189850695814,0.7771964117251899,0,0,0
757,0.2993254277431235,0.8242007770142383,0,0,0
758,0.5289981083577225,0.7024196538844963,0,0,0
759,0.5586815223201488,0.6759287287569242,0,0,0
760,0.5485340813402944,0.6923674372031029,0,0,0
761,0.6888822844300182,0.5159092015986255,0,0,0
762,0.5766062886889167,0.6668142970939228,0,0,0
763,0.6380432631194625,0.5923442365424265,0,0,0
764,0.6051237312295733,0.6443166479884275,0,0,0
765,0.6274842121732248,0.6111834046706831,0,0,0
766,0.5880818222684711,0.6483263358351039,0,0,0
767,0.6142478814643804,0.6286427574108826,0,0,0
768,0.6723189110277942,0.5324172294115244,0,0,0
769,0.6599876129750692,0.5509239479089391,0,0,0
770,0.6482772506382809,0.5714090777339949,0,0,0
771,0.9400218299660185,0.1845690872408997,0,0,0
772,0.9382658157355911,0.1613470598065015,0,0,0
773,0.9170615988174876,0.1837455901177194,0,0,0
774,0.9790280314253693,0.08822750630820214,0,0,0
775,1,0.05128205128194782,1,1,0
776,1,0.02564102564097712,1,1,0
777,0.9599304188204916,0.09881141742993856,0,0,0
778,0.9276714849465197,0.1441674306111065,0,0,0
779,0.9439192597156338,0.1332885316795521,0,0,0
780,0.9413107124293068,0.1101238923326938,0,0,0
781,0.9808402866158238,0.04689710567401276,0,0,0
782,0.9792216004859546,0.02166164546643665,0,0,0
783,0.9547880684453711,0.07698591838727499,0,0,0
784,0.971758587368507,0.06432825892701356,0,0,0
785,0.9743589743589067,0,1,0,-1
786,0.9217171284553081,0.1211615301155086,0,0,0
787,0.758108311059273,0.4485770986073113,0,0,0
788,0.7967081344217184,0.4119450261151357,0,0,0
789,0.7741953564904753,0.4245748436167437,0,0,0
790,0.7300443782301784,0.4756986840845699,0,0,0
791,0.7001781428996914,0.4955668084356852,0,0,0
792,0.5896376411412712,0.6254156764126416,0,0,0
793,0.5259184661644901,0.6833941558563885,0,0,0
794,0.434377428345996,0.7225256446902246,0,0,0
795,0.4726755764876385,0.7238247190970301,0,0,0
796,0.4929538336889104,0.7124065968893367,0,0,0
797,0.5103744105016964,0.6981502741656307,0,0,0
798,0.2503616664196512,0.8334792046822742,0,0,0
799,0.2684767877461562,0.8360928824137854,0,0,0
800,0.2317092863471135,0.8375236024959161,0,0,0
801,0.2796174915599944,0.8181256593782552,0,0,0
802,0.2498933680339422,0.8145639216316907,0,0,0
803,0.2989467577990796,0.803828385547346,0,0,0
804,0.334181011322788,0.781023515438364,0,0,0
805,0.3245124058230542,0.8023780541433184,0,0,0
806,0.4164490743778848,0.7309900358715706,0,0,0
807,0.3851259741011455,0.7498202794889853,0,0,0
808,0.8650142279108941,0.3106605141000298,0,0,0
809,0.8530215555830603,0.3303314572797749,0,0,0
810,0.8646107566744112,0.2851620781614453,0,0,0
811,0.7372890042351301,0.4579485260010712,0,0,0
812,0.8748828150152481,0.2580011270348814,0,0,0
813,0.8942305090353719,0.2404063762179776,0,0,0
814,0.9131201830695546,0.1596479781919816,0,0,0
815,0.9104962167934343,0.142289670067783,0,0,0
816,0.8839034881855878,0.2160088383597231,0,0,0
817,0.8974466444885959,0.1972984406660248,0,0,0
818,0.8889607998676212,0.172561082337446,0,0,0
819,0.7104628620971732,0.4698090361663791,0,0,0
820,0.9670274476149823,0.03827202809946936,0,0,0
821,0.9531028943260151,0.01915971338416071,0,0,0
822,0.929230858015013,0.08816555467861371,0,0,0
823,0.9410258830776723,0.0604728850632008,0,0,0
824,0.8344837064038459,0.3420994761231052,0,0,0
825,0.815962641187731,0.3600624142144052,0,0,0
826,0.7307818620397727,0.4392901290432968,0,0,0
827,0.7816145525460716,0.3998476721306859,0,0,0
828,0.7962830627469495,0.3847249610234169,0,0,0
829,0.8332586617822278,0.3210551743205255,0,0,0
830,0.8434194590394878,0.2992761115111878,0,0,0
831,0.8736005893987674,0.233102506291768,0,0,0
832,0.8731449996051115,0.1930203599545182,0,0,0
833,0.8536962236405607,0.2633646515044822,0,0,0
834,0.8561157199168035,0.2422851750349923,0,0,0
835,0.8624571462361506,0.2178428160816626,0,0,0
836,0.7640089295156974,0.4052077749537475,0,0,0
837,0.745192928149577,0.4222567433820364,0,0,0
838,0.8431103117031115,0.2797614646683218,0,0,0
839,0.8169722428252328,0.3321069722803999,0,0,0
840,0.7982220089332109,0.3406187972089022,0,0,0
841,0.7817262310157761,0.358427696446718,0,0,0
842,0.7668648955668577,0.3814367584128714,0,0,0
843,0.7112187550870883,0.4452168659874253,0,0,0
844,0.7177701514794195,0.4259435983492098,0,0,0
845,0.6861458793456671,0.4753311381843733,0,0,0
846,0.6795420872964508,0.4943342724610218,0,0,0
847,0.6669879106397014,0.5104226541449761,0,0,0
848,0.6533614893242691,0.5294687238798814,0,0,0
849,0.6279971262593604,0.5722008770548578,0,0,0
850,0.6029393925573563,0.6071315661204282,0,0,0
851,0.6155540947488964,0.5900335379165432,0,0,0
852,0.6338121851032503,0.5300319079554836,0,0,0
853,0.6403648863035986,0.5516505890648733,0,0,0
854,0.6198230999315227,0.5490795699251564,0,0,0
855,0.556652124183309,0.6581053304036936,0,0,0
856,0.540411906097587,0.6707077320994228,0,0,0
857,0.5669019946043276,0.6402866500843041,0,0,0
858,0.4540697118451887,0.7121567307858085,0,0,0
859,0.4916368933056421,0.6926810297021024,0,0,0
860,0.4717209731907582,0.6976704913633858,0,0,0
861,0.4827630136894566,0.6762125336118825,0,0,0
862,0.5037720236249708,0.6766863118529369,0,0,0
863,0.4188547504797436,0.7093474155398918,0,0,0
864,0.449951502695899,0.6908937515695134,0,0,0
865,0.4360554388987526,0.70242008700043,0,0,0
866,0.3647337101089533,0.7557772284699333,0,0,0
867,0.3946401335800901,0.723750186069995,0,0,0
868,0.3764810412105465,0.718994924567489,0,0,0
869,0.3699939467822779,0.736185959782623,0,0,0
870,0.3519976154425131,0.7398457473200903,0,0,0
871,0.3440053327023691,0.7595804246253871,0,0,0
872,0.3091477751569953,0.7818227117744396,0,0,0
873,0.3221275979753704,0.762714715506618,0,0,0
874,0.2793155284169981,0.7995015849504937,0,0,0
875,0.2598218114561924,0.7971744571771191,0,0,0
876,0.1673139643231689,0.8488407397542815,0,0,0
877,0.1905185717191024,0.8439755568433971,0,0,0
878,0.2072624569533717,0.8256750219922711,0,0,0
879,0.04251384824173283,0.9484330737961173,0,0,0
880,0.01915971338415405,0.9531028943259786,0,0,0
881,0,0.9487179487177352,1,-1,0
882,0.04601851830695608,0.9247429841896223,0,0,0
883,0.02504054730590666,0.9320199284414651,0,0,0
884,0,0.9230769230766028,1,-1,0
885,0.07087619069202496,0.9119131718252648,0,0,0
886,0.09794791271427512,0.8954253503927619,0,0,0
887,0.1402338754154505,0.8677505401288865,0,0,0
888,0.1224280034067227,0.881188493073233,0,0,0
889,0.02000333881928398,0.9110287987106245,0,0,0
890,0.04006958117945653,0.9011885825698926,0,0,0
891,0,0.8974358974354704,1,-1,0
892,0.1013890178179171,0.8702042078935806,0,0,0
893,0.07829379488217179,0.8788465032012023,0,0,0
894,0.05868928757070691,0.8898761076673204,0,0,0
895,0.227518184224989,0.8068518118335742,0,0,0
896,0.206347282249485,0.7972658402616803,0,0,0
897,0.1041775658770994,0.8484194261048658,0,0,0
898,0.1477541259193187,0.8525785794808105,0,0,0
899,0.1234725113407233,0.853681730437733,0,0,0
900,0.1714468709606924,0.8285531290393348,0,0,0
901,0.1432399100418927,0.8316307033422353,0,0,0
902,0.1855496894489674,0.813486077396868,0,0,0
903,0.3322412488646124,0.7418829553821067,0,0,0
904,0.2834240633926903,0.7807002826777604,0,0,0
905,0.5201856188919169,0.6616718667774247,0,0,0
906,0.5390785566940016,0.6411252725075846,0,0,0
907,0.4938572510493138,0.6547666620101856,0,0,0
908,0.646172250348116,0.5070243704757664,0,0,0
909,0.6628675656347836,0.4822032257454431,0,0,0
910,0.6700647770688952,0.4611294026799996,0,0,0
911,0.5590489726733606,0.6183711189350272,0,0,0
912,0.6073140172128981,0.5686218313199203,0,0,0
913,0.5917715394857539,0.5847798208649131,0,0,0
914,0.576870940917649,0.6014935283220112,0,0,0
915,0.55479815539278,0.5959161083600119,0,0,0
916,0.6273584991560905,0.5124234952667986,0,0,0
917,0.6014807084541673,0.5470502417498262,0,0,0
918,0.6157928855559052,0.5305446991204258,0,0,0
919,0.5719527941021938,0.5789953864306654,0,0,0
920,0.8958112911526708,0.1515960067337986,0,0,0
921,0.8986119110373261,0.1297964752115583,0,0,0
922,0.8765274886592834,0.146318269562264,0,0,0
923,0.9481226709662229,0.04157004286894679,0,0,0
924,0.9487179487178135,0,1,0,-1
925,0.9093307645091858,0.08292598168132308,0,0,0
926,0.9020520872857223,0.1045746496072239,0,0,0
927,0.9230769230767202,0,1,0,-1
928,0.9240192755439995,0.04270456248911204,0,0,0
929,0.9136941462078169,0.06178609399266061,0,0,0
930,0.9318019378661617,0.0244828092507243,0,0,0
931,0.8323933635747934,0.249678676250349,0,0,0
932,0.8775719965932814,0.1188115069267618,0,0,0
933,0.7453030494211575,0.3981510071079004,0,0,0
934,0.6875786423591875,0.4490900366287616,0,0,0
935,0.190408628028072,0.7853103384555659,0,0,0
936,0.5361367164481029,0.6122618156626635,0,0,0
937,0.5116676143479851,0.642380947333604,0,0,0
938,0.4041946643813291,0.693517029863798,0,0,0
939,0.4274117632944091,0.6828815097433335,0,0,0
940,0.461610387867881,0.675911940026974,0,0,0
941,0.4739805530981743,0.6595587667157108,0,0,0
942,0.2447892624083024,0.7845473833377672,0,0,0
943,0.2240571386524494,0.7826834900475157,0,0,0
944,0.2596047172941125,0.7699605843381465,0,0,0
945,0.3114307801834007,0.7433140995048357,0,0,0
946,0.2992893960166939,0.7604453566274705,0,0,0
947,0.3590409546443857,0.7217850379908438,0,0,0
948,0.3379583232454316,0.723352522255032,0,0,0
949,0.3787247506989977,0.7014815053641377,0,0,0
950,0.8167727368301441,0.3037477745055073,0,0,0
951,0.8243464150103051,0.2743918097092973,0,0,0
952,0.6980304709935682,0.4209211695945323,0,0,0
953,0.844736727835328,0.2243391012666373,0,0,0
954,0.856099310175974,0.1692726489407362,0,0,0
955,0.8521514769689469,0.1475504708453297,0,0,0
956,0.8597661245845505,0.1322494598711134,0,0,0
957,0.8442546846434207,0.1999740148917533,0,0,0
958,0.6629787059180843,0.4430359344020316,0,0,0
959,0.8974358974356268,0,1,0,-1
960,0.9111379091076781,0.01966012322351861,0,0,0
961,0.8925799806356909,0.06917943731021001,0,0,0
962,0.9037796642902409,0.0393797941041929,0,0,0
963,0.8737977638557397,0.08788101979513367,0,0,0
964,0.8863478719796049,0.05001094639721919,0,0,0
965,0.8304638758130132,0.1526109394554944,0,0,0
966,0.8239276705643344,0.1777703369414359,0,0,0
967,0.8044024699436404,0.2830726978570794,0,0,0
968,0.7968836074292385,0.3194617021567908,0,0,0
969,0.777541543984129,0.3320032676382729,0,0,0
970,0.7241035298238102,0.3633582046518504,0,0,0
971,0.7558286879057854,0.3382904564844497,0,0,0
972,0.7356467494646373,0.3782172463893899,0,0,0
973,0.7172969004936669,0.4008492123069802,0,0,0
974,0.7489880461777144,0.3611804164838027,0,0,0
975,0.7928483820722497,0.2976477804767764,0,0,0
976,0.8264245902693284,0.2210627418557476,0,0,0
977,0.8225193151592674,0.2003303137361295,0,0,0
978,0.8130509300458647,0.2519898405929505,0,0,0
979,0.8124928619091306,0.2331566254972118,0,0,0
980,0.7954886708257618,0.2610654554702085,0,0,0
981,0.8091734672768015,0.2152614274721814,0,0,0
982,0.7151480382007703,0.3792140124383979,0,0,0
983,0.6968960355428085,0.3839592522859272,0,0,0
984,0.6871672685365813,0.4021771217518578,0,0,0
985,0.7876714702397524,0.279844269189121,0,0,0
986,0.774087662192993,0.3081689808918681,0,0,0
987,0.7542128042624392,0.3161778851531198,0,0,0
988,0.7316689958199851,0.3459806490484136,0,0,0
989,0.7360450267266914,0.3249641788217201,0,0,0
990,0.675679374176863,0.4241941034054593,0,0,0
991,0.6453502621853878,0.4584365669737599,0,0,0
992,0.6323325603755386,0.4849944458606039,0,0,0
993,0.6248233283533082,0.4653442581626352,0,0,0
994,0.6083386938654929,0.5039420893678016,0,0,0
995,0.5877889440225307,0.563524454907562,0,0,0
996,0.5798489399057375,0.5369047699201774,0,0,0
997,0.5977998292333153,0.5245418674691463,0,0,0
998,0.5182356727921207,0.6248469622759065,0,0,0
999,0.5344694818419672,0.5888055233358082,0,0,0
1000,0.5517453357742802,0.5709975429607844,0,0,0
1001,0.3898128237554142,0.6796842599975152,0,0,0
1002,0.44281954978487,0.6687890182045737,0,0,0
1003,0.4759529990504079,0.6414785083929999,0,0,0
1004,0.45507486867513,0.6496499216615244,0,0,0
1005,0.4920787228098666,0.6230987587594012,0,0,0
1006,0.4064335757175805,0.6683769779450042,0,0,0
1007,0.4242896404871003,0.6554802044179794,0,0,0
1008,0.3481258307301735,0.7064095967958309,0,0,0
1009,0.3686297980967632,0.6795580756588153,0,0,0
1010,0.3458269588416512,0.6752872764379555,0,0,0
1011,0.3331021833337361,0.6906086150341824,0,0,0
1012,0.3014423185729087,0.725010095431792,0,0,0
1013,0.3205398657258456,0.7273763641114788,0,0,0
1014,0.2926282360962997,0.742741693879482,0,0,0
1015,0.2769004081805881,0.7531827648730726,0,0,0
1016,0.2576649863032331,0.7491933605884564,0,0,0
1017,0.176509638951119,0.797151136795363,0,0,0
1018,0.235793462572195,0.7568256908100477,0,0,0
1019,0.1586608066328934,0.80244648956095,0,0,0
1020,0,0.8717948717943863,1,-1,0
1021,0.01735245689858489,0.8921574340491104,0,0,0
1022,0.03275159426774952,0.8769480644509595,0,0,0
1023,0.07232802428675425,0.8558355838485551,0,0,0
1024,0.08950378320659656,0.8577103299322089,0,0,0
1025,0.05608074028440807,0.8667114683204173,0,0,0
1026,0.1109448030206653,0.8275679679886856,0,0,0
1027,0,0.8461538461535258,1,-1,0
1028,0.08686408407854247,0.8403735301957136,0,0,0
1029,0.04403565519625322,0.8236747857093447,0,0,0
1030,0.03800362459884553,0.8591732888825586,0,0,0
1031,0.02034022394718297,0.858608977633093,0,0,0
1032,0.0617341842645311,0.838652940193507,0,0,0
1033,0.03349541007919632,0.8407233764041578,0,0,0
1034,0.08293840118257209,0.8162544098822651,0,0,0
1035,0.2058375018072757,0.767926723994509,0,0,0
1036,0.1735754097306774,0.7789372581442461,0,0,0
1037,0.1875071380908714,0.7668433745027746,0,0,0
1038,0.1370698211053972,0.785977398452922,0,0,0
1039,0.1025533555114283,0.8027015593339705,0,0,0
1040,0.1268550003949051,0.8069796400454861,0,0,0
1041,0.1159646003235494,0.7834459735208676,0,0,0
1042,0.1552632721646772,0.7756608987333586,0,0,0
1043,0.3160183764352544,0.702841600823596,0,0,0
1044,0.2732014275400094,0.7267714077146981,0,0,0
1045,0.1682201209651731,0.7500663453559494,0,0,0
1046,0.6564896595422447,0.4238614581532114,0,0,0
1047,0.6412579888027309,0.4329568564124004,0,0,0
1048,0.6420898963332542,0.4144744913763619,0,0,0
1049,0.5122167536606472,0.6053680171162796,0,0,0
1050,0.460797257228894,0.6248795111638146,0,0,0
1051,0.6102003475470764,0.4781736707761235,0,0,0
1052,0.6203961201295025,0.4430210332232167,0,0,0
1053,0.609216980089211,0.4587526452799549,0,0,0
1054,0.5915442200203381,0.4877736722265491,0,0,0
1055,0.5172178929283806,0.577901746502623,0,0,0
1056,0.5337560189522472,0.5654035279243518,0,0,0
1057,0.5656063315466292,0.5557055881053288,0,0,0
1058,0.5423700678725067,0.5461380540759714,0,0,0
1059,0.5633008154893865,0.5204704625419674,0,0,0
1060,0.5804359255933416,0.5090142207745568,0,0,0
1061,0.5599319076025266,0.537673320336813,0,0,0
1062,0.8384638793090651,0.1319326795423064,0,0,0
1063,0.8529543207074429,0.1142438188895068,0,0,0
1064,0.8924119926576646,0.01752370745705698,0,0,0
1065,0.8679358664905236,0.06064782428173508,0,0,0
1066,0.8424067646810229,0.09460462058963684,0,0,0
1067,0.8637372590645828,0.04071545501948485,0,0,0
1068,0.8779116206602435,0.02857861995757337,0,0,0
1069,0.8717948717945336,0,1,0,-1
1070,0.7943346127665502,0.2332235712886982,0,0,0
1071,0.8264526238607611,0.1110940034798626,0,0,0
1072,0.6770894033033685,0.3861667923568807,0,0,0
1073,0.7024884070720999,0.3664729677534667,0,0,0
1074,0.6618694133557563,0.4042190374078267,0,0,0
1075,0.187981649753565,0.7468480992070181,0,0,0
1076,0.208331577703324,0.7402683291701079,0,0,0
1077,0.4959342276137162,0.5666845772896627,0,0,0
1078,0.4917444829435391,0.5907770515761915,0,0,0
1079,0.3854418391524959,0.6583711806860665,0,0,0
1080,0.4077403330894446,0.6410224503531463,0,0,0
1081,0.4349393733032395,0.6339121739776484,0,0,0
1082,0.2497064989317455,0.7327872229222309,0,0,0
1083,0.2312226436727002,0.729356934182987,0,0,0
1084,0.2887498171139726,0.7082664982189829,0,0,0
1085,0.3224375673278655,0.677895986079347,0,0,0
1086,0.3357392271316519,0.6594843061716698,0,0,0
1087,0.3573279989722492,0.6518603694307677,0,0,0
1088,0.769960656039302,0.2892149785654843,0,0,0
1089,0.7718024149591028,0.2693152677843966,0,0,0
1090,0.6824385457434696,0.3693384494209691,0,0,0
1091,0.80451052658624,0.19463914266905,0,0,0
1092,0.7917038919464723,0.2091976407936444,0,0,0
1093,0.8084560206267171,0.1559692506031435,0,0,0
1094,0.8106118133929253,0.1317608506377655,0,0,0
1095,0.7952802107573949,0.172439892929491,0,0,0
1096,0.6234465204801602,0.4153817538074128,0,0,0
1097,0.8462011701483183,0.07296999473620602,0,0,0
1098,0.8595975136338668,0.01984591636297191,0,0,0
1099,0.849102649519034,0.05221715882760082,0,0,0
1100,0.8461538461534404,0,1,0,-1
1101,0.8292489813952113,0.05681701326277683,0,0,0
1102,0.8182145012285283,0.08263571031525738,0,0,0
1103,0.8415280321042236,0.03299226428980875,0,0,0
1104,0.7890545509122693,0.1451277433476421,0,0,0
1105,0.7772793417911241,0.1939399341737207,0,0,0
1106,0.7508119056801195,0.2944120941944206,0,0,0
1107,0.6886631170961993,0.3454877179760012,0,0,0
1108,0.7295606171976848,0.3046182882634916,0,0,0
1109,0.7088103407930023,0.3236326156361,0,0,0
1110,0.7106809422076549,0.3490839357976319,0,0,0
1111,0.7496746406182344,0.2706262537766349,0,0,0
1112,0.7764137001630775,0.2190485746790167,0,0,0
1113,0.7635399167195468,0.2434291104767997,0,0,0
1114,0.7552107375916947,0.2154526166622204,0,0,0
1115,0.6704819223317218,0.3550581100770099,0,0,0
1116,0.6592762461500983,0.3751778298870859,0,0,0
1117,0.6667764918535189,0.3362899895172092,0,0,0
1118,0.7302828395518334,0.2801497382593767,0,0,0
1119,0.6811019366763793,0.3234644333484507,0,0,0
1120,0.7098121866488132,0.2959467789701354,0,0,0
1121,0.6342358876876119,0.3939043858434683,0,0,0
1122,0.5916361168586576,0.4665634494094376,0,0,0
1123,0.5946841214854919,0.4460882800765296,0,0,0
1124,0.6010811553472541,0.4228592029539926,0,0,0
1125,0.5683105898140636,0.4825711327206461,0,0,0
1126,0.5480458640455832,0.5250255855234024,0,0,0
1127,0.5510579032588108,0.5036713061408343,0,0,0
1128,0.4678722328780034,0.6005422328681734,0,0,0
1129,0.5120522225747058,0.5478347804257667,0,0,0
1130,0.4748293986942408,0.5768383071441491,0,0,0
1131,0.380879151775426,0.6325744142068308,0,0,0
1132,0.4213000786537793,0.619145113632053,0,0,0
1133,0.4419144741101336,0.6058806673561549,0,0,0
1134,0.401075890606108,0.6154305325551013,0,0,0
1135,0.4208303221599704,0.5994797439182146,0,0,0
1136,0.3562124204864436,0.6222947272291253,0,0,0
1137,0.2990390283447686,0.672619518781976,0,0,0
1138,0.3184184593858859,0.6585722398802115,0,0,0
1139,0.3300168598782869,0.6388858463400613,0,0,0
1140,0.3025254686206961,0.6465156356830006,0,0,0
1141,0.2868244944943587,0.689282451306285,0,0,0
1142,0.2699425930333936,0.700790783420813,0,0,0
1143,0.2118806186087205,0.7180609198335726,0,0,0
1144,0.248034530702331,0.7063298303212326,0,0,0
1145,0.1443217125086497,0.7572417659727234,0,0,0
1146,0.193689470422612,0.7192267012182707,0,0,0
1147,0.20251425649475,0.7008431071370838,0,0,0
1148,0.1263994106012391,0.7668974937082189,0,0,0
1149,0.02269946880690705,0.8207541061392096,0,0,0
1150,0,0.8205128205126782,1,-1,0
1151,0.08590269562446669,0.7937359314065059,0,0,0
1152,0.05997817003395014,0.8154309127589955,0,0,0
1153,0.09714052336369339,0.7785261258026026,0,0,0
1154,0.04726770339438423,0.7849879676789235,0,0,0
1155,0.01971996031762497,0.8017598946762372,0,0,0
1156,0.0817555688147678,0.7654900120990442,0,0,0
1157,0.06503857168077626,0.7912735107498265,0,0,0
1158,0.02625198684518638,0.7824999414269231,0,0,0
1159,0.04227104279668151,0.8028125930508535,0,0,0
1160,0,0.7692307692309828,1,-1,0
1161,0,0.7948717948718305,1,-1,0
1162,0.175109004553352,0.7245973230675523,0,0,0
1163,0.1463037763594518,0.7366353484955018,0,0,0
1164,0.09200310747159511,0.7460763987489534,0,0,0
1165,0.1251171849847614,0.7419988729651017,0,0,0
1166,0.1057694909646334,0.7595936237820067,0,0,0
1167,0.105997596653217,0.7392066896509308,0,0,0
1168,0.1567415336050858,0.7215748613722707,0,0,0
1169,0.1353892433256046,0.7148379218385379,0,0,0
1170,0.2235481655024853,0.6977998450845482,0,0,0
1171,0.2718812250278584,0.6776457982787645,0,0,0
1172,0.156580540960529,0.7007238884887951,0,0,0
1173,0.6351514363806757,0.3668336678130332,0,0,0
1174,0.6084794495105759,0.3991580228986352,0,0,0
1175,0.61353584111549,0.3745984360945376,0,0,0
1176,0.4793209834860845,0.5571602918586426,0,0,0
1177,0.4333891487335529,0.5842522112404995,0,0,0
1178,0.4534407871445622,0.5799118982661686,0,0,0
1179,0.5780074409930053,0.4320014450561394,0,0,0
1180,0.5834780088723159,0.4088931985858473,0,0,0
1181,0.5520280493044801,0.4608312744119659,0,0,0
1182,0.5476103139469888,0.4829370805441725,0,0,0
1183,0.5719284645871207,0.4569293801663289,0,0,0
1184,0.4912174627338586,0.5457901745211997,0,0,0
1185,0.5241553891211578,0.5192449699351656,0,0,0
1186,0.4920806454908354,0.5248491744200522,0,0,0
1187,0.5285390788703526,0.4907931755951049,0,0,0
1188,0.7848683062628583,0.1188817029144945,0,0,0
1189,0.8026182080184479,0.1034973614809124,0,0,0
1190,0.8205128205123471,0,1,0,-1
1191,0.8111518449834649,0.05972092196425829,0,0,0
1192,0.7940190568138207,0.08604312444275804,0,0,0
1193,0.8207541061388895,0.02269946880696289,0,0,0
1194,0.735123340678935,0.2510521777045264,0,0,0
1195,0.7408449599502653,0.2286369084173954,0,0,0
1196,0.7682907136528896,0.1624763975040617,0,0,0
1197,0.7785701592219684,0.09750896846392162,0,0,0
1198,0.6335585961334508,0.3454435426899703,0,0,0
1199,0.6513533262768828,0.351417991248657,0,0,0
1200,0.2029984727221695,0.6801335996435913,0,0,0
1201,0.1825714457793386,0.6957514198848593,0,0,0
1202,0.4590040654359315,0.5594787937542217,0,0,0
1203,0.4702674994974472,0.5375017512608008,0,0,0
1204,0.3966305810357776,0.593997361304878,0,0,0
1205,0.3774764283458152,0.6064672249867784,0,0,0
1206,0.4143963713362068,0.5789255496338467,0,0,0
1207,0.2584106580891068,0.6633681150878386,0,0,0
1208,0.2473061481734926,0.6808526431249742,0,0,0
1209,0.2780502326501357,0.6525326922840639,0,0,0
1210,0.2933119900000006,0.6286721168047789,0,0,0
1211,0.3560570990986149,0.59528521319064,0,0,0
1212,0.3134660244921972,0.6207528077360275,0,0,0
1213,0.3345638300697132,0.6087085528453485,0,0,0
1214,0.7169377305574146,0.262536867177653,0,0,0
1215,0.6609922550319103,0.3152716394645546,0,0,0
1216,0.6443907244926118,0.329535934767531,0,0,0
1217,0.7495122650162994,0.165915664279967,0,0,0
1218,0.7373966718170769,0.204218753443352,0,0,0
1219,0.7498203617042982,0.1851007364036276,0,0,0
1220,0.7661814903205507,0.1302358166338589,0,0,0
1221,0.7206844715830144,0.2004984150494876,0,0,0
1222,0.7222873903934048,0.1838220777937781,0,0,0
1223,0.747664894004727,0.1476325151555921,0,0,0
1224,0.5907706343724489,0.3863457010189621,0,0,0
1225,0.7938403707659185,0.06699195657973606,0,0,0
1226,0.8063559763035293,0.04085754981181335,0,0,0
1227,0.7948717948712537,0,1,0,-1
1228,0.775298990090088,0.07654244908377587,0,0,0
1229,0.7990502106988264,0.021326354531662,0,0,0
1230,0.7843259772243221,0.05052587026283845,0,0,0
1231,0.7692307692301605,0,1,0,-1
1232,0.7584944130597785,0.1109047954717682,0,0,0
1233,0.746898327526585,0.1267566012888807,0,0,0
1234,0.7231066012147997,0.1359813237735647,0,0,0
1235,0.7314809589268911,0.1638723659924504,0,0,0
1236,0.7390442390330692,0.1090285554096197,0,0,0
1237,0.69849319350469,0.2739527971570089,0,0,0
1238,0.6836634338837767,0.2993812251107743,0,0,0
1239,0.6540304857182724,0.2941115494278208,0,0,0
1240,0.7057767277017886,0.2446015839694653,0,0,0
1241,0.7195105733337563,0.2198266595076318,0,0,0
1242,0.6237841242271008,0.3290952588078539,0,0,0
1243,0.6125113121207364,0.3502037283718117,0,0,0
1244,0.6348181166904919,0.3070914539383409,0,0,0
1245,0.6522167847891198,0.2728948734514414,0,0,0
1246,0.6717111191302536,0.2740176635320804,0,0,0
1247,0.683263917002499,0.2472732919198803,0,0,0
1248,0.5942327870006774,0.3647643770344441,0,0,0
1249,0.5346475733910987,0.4684361968701057,0,0,0
1250,0.5691401505737301,0.3931393851010436,0,0,0
1251,0.5561858326618452,0.4376103531119411,0,0,0
1252,0.5615160937835069,0.4166015922407906,0,0,0
1253,0.5121899406822882,0.4719474070666296,0,0,0
1254,0.5028279830865009,0.4963858625725451,0,0,0
1255,0.4340503541686948,0.5627778796029159,0,0,0
1256,0.4689350984038736,0.5155939917566948,0,0,0
1257,0.4464226363426119,0.5432261809506758,0,0,0
1258,0.3748217043398522,0.582860427259463,0,0,0
1259,0.3942803359912272,0.5750362103955661,0,0,0
1260,0.4071974859280179,0.5580098913410065,0,0,0
1261,0.3369476712999261,0.5813809879077376,0,0,0
1262,0.3563205400499395,0.5699993589153878,0,0,0
1263,0.3146916759240992,0.5919443670136094,0,0,0
1264,0.2537021378318557,0.6445886115006823,0,0,0
1265,0.2713066159029271,0.6234045815924804,0,0,0
1266,0.2955935389657804,0.6091646316063202,0,0,0
1267,0.2408854870112009,0.6590880065241846,0,0,0
1268,0.2217388481012569,0.6683542227369382,0,0,0
1269,0.11161496041785,0.7196606769165461,0,0,0
1270,0.1661869988225531,0.678939510184414,0,0,0
1271,0.2045599731728702,0.6508230064732206,0,0,0
1272,0.1830581472823161,0.6672299965448981,0,0,0
1273,0,0.7435897435901351,1,-1,0
1274,0,0.7179487179492873,1,-1,0
1275,0.09285592143540147,0.7244382299715193,0,0,0
1276,0.02037772481917301,0.7617986549812629,0,0,0
1277,0.05181110163836694,0.7417732783333718,0,0,0
1278,0.07558392030483251,0.7377261029132386,0,0,0
1279,0.05272438976146444,0.764312368233627,0,0,0
1280,0.02053016938681884,0.7257244036419217,0,0,0
1281,0.07456341954199353,0.7063080399292345,0,0,0
1282,0.03190920133936173,0.7447864146969552,0,0,0
1283,0.0470268951478091,0.7202682274896663,0,0,0
1284,0.1349168164082366,0.6900780902583241,0,0,0
1285,0.08946874364657896,0.6882635564393232,0,0,0
1286,0.1129238261790738,0.6931548972307489,0,0,0
1287,0.09740598992904149,0.7043274498424382,0,0,0
1288,0.1466336660125166,0.6733615645120559,0,0,0
1289,0.1215968756199434,0.6701400847429364,0,0,0
1290,0.2275392519609833,0.6383062778920581,0,0,0
1291,0.1620911940780654,0.6576306814914611,0,0,0
1292,0.6019355354094349,0.328291153758783,0,0,0
1293,0.5908601222395862,0.3431510746616771,0,0,0
1294,0.5736329840089764,0.3717512543740908,0,0,0
1295,0.5773849462935516,0.3544192905454437,0,0,0
1296,0.4499338133748085,0.5238888219461337,0,0,0
1297,0.4251262100533067,0.5350543933838072,0,0,0
1298,0.5334855214257639,0.4365035030586011,0,0,0
1299,0.5467377742029367,0.3982815764447225,0,0,0
1300,0.5533548075611403,0.3782996109573565,0,0,0
1301,0.5371305252135369,0.4172355956979901,0,0,0
1302,0.5180241083199013,0.4500055642007217,0,0,0
1303,0.4523179717117694,0.5030140047376608,0,0,0
1304,0.4773158957856796,0.4935608775087778,0,0,0
1305,0.4894132713547619,0.4710174424056643,0,0,0
1306,0.4982817861064617,0.4497798428273122,0,0,0
1307,0.4687810509325998,0.4652951839139828,0,0,0
1308,0.4544203353484944,0.4798985915194549,0,0,0
1309,0.7543387720709402,0.09114536190024033,0,0,0
1310,0.7543462301552756,0.07093631348139566,0,0,0
1311,0.7789233879872932,0.02952291258835315,0,0,0
1312,0.7640835095458351,0.05869720159973845,0,0,0
1313,0.7435897435890673,0,1,0,-1
1314,0.6920747517987316,0.2213581503857797,0,0,0
1315,0.7016780372935125,0.1969048249605309,0,0,0
1316,0.7123378504637641,0.1619059103016623,0,0,0
1317,0.7358912947795921,0.07500644436698606,0,0,0
1318,0.730823496239833,0.09297387211329972,0,0,0
1319,0.6143181196394678,0.3122504886434855,0,0,0
1320,0.1812413464715677,0.6387593909511228,0,0,0
1321,0.4333927871668283,0.5131717444555702,0,0,0
1322,0.3791711520040189,0.5578435021670675,0,0,0
1323,0.3963961411666686,0.5364601226575381,0,0,0
1324,0.2467673891961537,0.624002316105551,0,0,0
1325,0.2561023812294291,0.6053218263420759,0,0,0
1326,0.3553507812637331,0.5491644269553301,0,0,0
1327,0.2926419466839164,0.585700750801128,0,0,0
1328,0.276603073323675,0.5958625587906389,0,0,0
1329,0.3222842507663255,0.5664408573529665,0,0,0
1330,0.3400998306439346,0.5614839581973854,0,0,0
1331,0.3032966419717092,0.5712565888262361,0,0,0
1332,0.615726728551513,0.2935078599372113,0,0,0
1333,0.6607918059386779,0.2515468216757256,0,0,0
1334,0.6304843791725673,0.2758674465199289,0,0,0
1335,0.7002060578603184,0.1754294831539583,0,0,0
1336,0.7168081945501034,0.1094782916287053,0,0,0
1337,0.6795108117604117,0.1785309743487904,0,0,0
1338,0.6752968987601542,0.1979149500137283,0,0,0
1339,0.6946457353500022,0.1514978574573317,0,0,0
1340,0.5688146482643062,0.334763813680955,0,0,0
1341,0.5569145782523109,0.3535391615872949,0,0,0
1342,0.5832342798588106,0.3212817317824361,0,0,0
1343,0.7599525703372529,0.03931789935808511,0,0,0
1344,0.7421185842899223,0.05329011045623756,0,0,0
1345,0.7572353284759462,0.01996693235491786,0,0,0
1346,0.7422662462298942,0.03417246338913879,0,0,0
1347,0.7263390536453717,0.03752529061886106,0,0,0
1348,0.7285874778275387,0.01877694507624445,0,0,0
1349,0.7144767597694381,0.0852239846215644,0,0,0
1350,0.6993637581080219,0.1000588068697528,0,0,0
1351,0.6750640066743597,0.1395674392199459,0,0,0
1352,0.6930195667243417,0.1234248765792129,0,0,0
1353,0.6404831525973541,0.2578533641788908,0,0,0
1354,0.6555272049971936,0.1992927063858674,0,0,0
1355,0.6647874588048341,0.2225998955222934,0,0,0
1356,0.566203879033587,0.3092647452317303,0,0,0
1357,0.5923190933706319,0.3000535572388653,0,0,0
1358,0.5726012563408159,0.2899531588900027,0,0,0
1359,0.603854023931915,0.2752431010811109,0,0,0
1360,0.6469145020495638,0.232404159564383,0,0,0
1361,0.6124187910097512,0.2543218088086595,0,0,0
1362,0.6414074638871017,0.2116664335098005,0,0,0
1363,0.6297403986065401,0.2422786235254727,0,0,0
1364,0.5362591587801132,0.3640472548327869,0,0,0
1365,0.5335225747281656,0.3833070607838783,0,0,0
1366,0.5115157199938938,0.4233608711809595,0,0,0
1367,0.524541867469154,0.4022001707666898,0,0,0
1368,0.487797716715298,0.428753390703354,0,0,0
1369,0.4741369971255214,0.4462433049916132,0,0,0
1370,0.4295331262717805,0.49451454621377,0,0,0
1371,0.4118448702780478,0.5147234775361572,0,0,0
1372,0.3704980795350797,0.5331184045596601,0,0,0
1373,0.3310371219613859,0.5440451608325491,0,0,0
1374,0.386148101886588,0.5148451545675811,0,0,0
1375,0.3449510623992785,0.5282331698839456,0,0,0
1376,0.3076325627968981,0.5485340813402816,0,0,0
1377,0.2860825910754715,0.5629089104737041,0,0,0
1378,0.2706157908810171,0.5741688116224888,0,0,0
1379,0.2293616175315467,0.6052800297449797,0,0,0
1380,0.2475873769330472,0.5818535360303263,0,0,0
1381,0.2047768471756257,0.6170539039504814,0,0,0
1382,0.1343485505138605,0.6486719529791281,0,0,0
1383,0.09775615082810059,0.6705554438679485,0,0,0
1384,0.04990466712020018,0.6938909384112018,0,0,0
1385,0.02371475044692339,0.7020289144835651,0,0,0
1386,0.1630365535777028,0.620548803891339,0,0,0
1387,0.1826151556309558,0.6097981270047916,0,0,0
1388,0.1550315014489684,0.6386493287076264,0,0,0
1389,0.01453487095718655,0.679487179488015,0,0,0
1390,0.03391599638169901,0.6794871794880152,0,0,0
1391,0.07117762873003107,0.673634189445712,0,0,0
1392,0,0.6923076923084395,1,-1,0
1393,0.04977317413718532,0.6643647043363685,0,0,0
1394,0,0.6666666666675918,1,-1,0
1395,0.1079040086935825,0.6512969714857504,0,0,0
1396,0.06294755247489993,0.6481808287474528,0,0,0
1397,0.08323740332196844,0.6492877475452214,0,0,0
1398,0.09457420383323517,0.6289864418465039,0,0,0
1399,0.1379735630434601,0.6160468239863046,0,0,0
1400,0.1156604055176747,0.6294514626093165,0,0,0
1401,0.2009915071401331,0.5909201695146747,0,0,0
1402,0.1660278057436868,0.6020869917534457,0,0,0
1403,0.5488897777287385,0.3259849535223615,0,0,0
1404,0.5362226286952135,0.3430612250468796,0,0,0
1405,0.4085782314213822,0.4913024572843986,0,0,0
1406,0.5168532346980648,0.3507331869067293,0,0,0
1407,0.5045628110324318,0.3920162568219481,0,0,0
1408,0.5155805748421872,0.3725512554776153,0,0,0
1409,0.485709254898768,0.4067603563720949,0,0,0
1410,0.4474915114461556,0.455676961738559,0,0,0
1411,0.4263953514524962,0.4731640923356245,0,0,0
1412,0.4683747813085439,0.4178882299315224,0,0,0
1413,0.4525229181245674,0.4306552186322937,0,0,0
1414,0.4344858408747032,0.4360744880732669,0,0,0
1415,0.4189171393761502,0.4507518164995049,0,0,0
1416,0.7139115666062676,0.05491888389088323,0,0,0
1417,0.717948717947974,0,1,0,-1
1418,0.6918981727101189,0.05265292882866648,0,0,0
1419,0.7048113932732356,0.02646805028180125,0,0,0
1420,0.6588871223889852,0.1791922511198121,0,0,0
1421,0.6677094502377647,0.1593564863660527,0,0,0
1422,0.6899039154815423,0.07487246639036239,0,0,0
1423,0.676192988140219,0.1002644694973353,0,0,0
1424,0.6372570811448928,0.1850900017637028,0,0,0
1425,0.5816439662732283,0.2735917887748964,0,0,0
1426,0.5607954120087444,0.2738939279483532,0,0,0
1427,0.1483603673245076,0.5985108200277394,0,0,0
1428,0.1785918593202686,0.5880521152615898,0,0,0
1429,0.3789543259243141,0.4906767448145372,0,0,0
1430,0.355811291366936,0.5099888402544962,0,0,0
1431,0.222636372934616,0.5788542089098,0,0,0
1432,0.2542831157003218,0.5619392733561087,0,0,0
1433,0.269443353015452,0.5542813023561658,0,0,0
1434,0.2328949466798761,0.5580161252326146,0,0,0
1435,0.3190999474367953,0.5279535013023884,0,0,0
1436,0.3298564776812607,0.5043633687260533,0,0,0
1437,0.2859240963363509,0.5436423910212341,0,0,0
1438,0.2979167391418762,0.5306812437220306,0,0,0
1439,0.5886352597747435,0.254913912673308,0,0,0
1440,0.618378694474933,0.2222328938314818,0,0,0
1441,0.6563062150579463,0.1401029260550397,0,0,0
1442,0.665115001276796,0.121028414523496,0,0,0
1443,0.6412466884340875,0.1573191737353023,0,0,0
1444,0.5188191935111285,0.3207326932937163,0,0,0
1445,0.5470976196189037,0.2953104803556537,0,0,0
1446,0.5009009239956728,0.3379400323596746,0,0,0
1447,0.5186303862255276,0.2876854750462304,0,0,0
1448,0.6655811630094313,0.07925846146655646,0,0,0
1449,0.6807498963532701,0.01633512062054963,0,0,0
1450,0.6817829932653863,0.03456235906742388,0,0,0
1451,0.6923076923068806,0,1,0,-1
1452,0.6666666666657874,0,1,0,-1
1453,0.668258820741942,0.05409828830681955,0,0,0
1454,0.6518378405528915,0.102395010175179,0,0,0
1455,0.6362636309273373,0.1252280129997284,0,0,0
1456,0.5949023618317859,0.2317636918041992,0,0,0
1457,0.6174099492255811,0.1690917092320182,0,0,0
1458,0.616452339114969,0.1958265446320842,0,0,0
1459,0.5404083235322742,0.2672417679004285,0,0,0
1460,0.5632830429089072,0.2538930270704267,0,0,0
1461,0.5763944694702897,0.2348424089480929,0,0,0
1462,0.5980468125036875,0.2084677670140207,0,0,0
1463,0.4912091975709076,0.3649033153309665,0,0,0
1464,0.4806848268384494,0.3826316973088194,0,0,0
1465,0.4602625697818771,0.3876726523206566,0,0,0
1466,0.436436033705824,0.4188337529258092,0,0,0
1467,0.4498192312052319,0.4072444565691223,0,0,0
1468,0.3952248779523511,0.4665361591765728,0,0,0
1469,0.3554951604062989,0.4899740242881068,0,0,0
1470,0.3019037728217572,0.5103124705010454,0,0,0
1471,0.3657037976155733,0.4718069009070909,0,0,0
1472,0.339320392012481,0.4785047781397692,0,0,0
1473,0.3136891359405759,0.4868566629343559,0,0,0
1474,0.3238998565715475,0.4649773539229353,0,0,0
1475,0.2750233163175795,0.5229637744452037,0,0,0
1476,0.2508741109922166,0.5413765915389482,0,0,0
1477,0.2336393363970324,0.5362045480959264,0,0,0
1478,0.2058441515194202,0.5626152381676566,0,0,0
1479,0.2131974147938746,0.5398262988369009,0,0,0
1480,0.1824868578447801,0.5678341055089597,0,0,0
1481,0.1571211045632635,0.577767328026687,0,0,0
1482,0,0.6410256410267439,1,-1,0
1483,0.108690195537145,0.6064587669116449,0,0,0
1484,0.0708536102823448,0.6295070637750539,0,0,0
1485,0.02365910709353031,0.656188834426116,0,0,0
1486,0.04463986117779061,0.6375347224263826,0,0,0
1487,0.1321171682303979,0.5884156637212347,0,0,0
1488,0,0.6153846153858962,1,-1,0
1489,0.01898481513221933,0.635598367006744,0,0,0
1490,0.05494486619869577,0.6154243164231403,0,0,0
1491,0.02923183202408047,0.6170417383885116,0,0,0
1492,0.08032687379779163,0.6100780490651488,0,0,0
1493,0.06415353390929611,0.5995885599645097,0,0,0
1494,0.08989448194768879,0.5915130962234602,0,0,0
1495,0.1108891131449908,0.5801638832267487,0,0,0
1496,0.1622309540889851,0.5556754776101317,0,0,0
1497,0.5000524470696058,0.3008489637766762,0,0,0
1498,0.480960465090535,0.3457149633033445,0,0,0
1499,0.4867888543505729,0.3195239509726344,0,0,0
1500,0.3926199244486248,0.4360700958213317,0,0,0
1501,0.3754121750000715,0.4524102336174988,0,0,0
1502,0.4616803009082627,0.3618059056984309,0,0,0
1503,0.41037660229665,0.4006605159491721,0,0,0
1504,0.4400039632193667,0.3801795521976288,0,0,0
1505,0.4171444754019609,0.4222799139441813,0,0,0
1506,0.4301190821278444,0.4003427382914681,0,0,0
1507,0.3945157736774187,0.4102732947222001,0,0,0
1508,0.6506298766553962,0.06480693182396546,0,0,0
1509,0.6607061699889312,0.02335619887269369,0,0,0
1510,0.64638075418873,0.0417739762632296,0,0,0
1511,0.6410256410246943,0,1,0,-1
1512,0.6173348943404046,0.1411330832366664,0,0,0
1513,0.63762122930818,0.08314010636361095,0,0,0
1514,0.62955501291781,0.1018546808633803,0,0,0
1515,0.5904403501837656,0.1806807746813119,0,0,0
1516,0.5992906601736834,0.1537681860499077,0,0,0
1517,0.5595654896617074,0.226319974965572,0,0,0
1518,0.534182090012707,0.2413160154721838,0,0,0
1519,0.5113742925051051,0.2622587262552387,0,0,0
1520,0.1329058555944042,0.5571885937068457,0,0,0
1521,0.1845169426451927,0.5391789472483285,0,0,0
1522,0.1541240097972848,0.5364084135598377,0,0,0
1523,0.3498870051209496,0.4572308971942366,0,0,0
1524,0.3610633183963182,0.432850946079314,0,0,0
1525,0.2233986373369334,0.5236570415192108,0,0,0
1526,0.2440642522453439,0.5177671056174719,0,0,0
1527,0.2042432806243329,0.5212266533060264,0,0,0
1528,0.3010113606186295,0.471064094268173,0,0,0
1529,0.2871527494837676,0.4911293302854531,0,0,0
1530,0.2616055086855568,0.4929682477108552,0,0,0
1531,0.220071396580219,0.5017490830297535,0,0,0
1532,0.4643808016496244,0.3314104862684026,0,0,0
1533,0.5563228134825471,0.2029275305142029,0,0,0
1534,0.5755861931743045,0.2073214382269585,0,0,0
1535,0.5976922352858982,0.1304915355827138,0,0,0
1536,0.5732661268482876,0.1470165510061186,0,0,0
1537,0.6105076030028125,0.1115654647764182,0,0,0
1538,0.510766688988757,0.2393897179118824,0,0,0
1539,0.4815822293086658,0.2963877029201157,0,0,0
1540,0.491358515616937,0.2767248660010377,0,0,0
1541,0.4619782272315711,0.3043774700572914,0,0,0
1542,0.4700377170802276,0.2819525741344998,0,0,0
1543,0.4911428823543666,0.2491898337753892,0,0,0
1544,0.6322288342289784,0.06098418900395172,0,0,0
1545,0.6153846153836009,0,1,0,-1
1546,0.636537714874716,0.01952576617440028,0,0,0
1547,0.6191913937876239,0.03249865573607809,0,0,0
1548,0.5921654172718639,0.1129347421964329,0,0,0
1549,0.6101487253226754,0.07975297932803133,0,0,0
1550,0.6102706794326967,0.05465411814096009,0,0,0
1551,0.542848779400526,0.2128393691906929,0,0,0
1552,0.5607038720355779,0.1776539908360676,0,0,0
1553,0.5191163864704934,0.2190927922536096,0,0,0
1554,0.4950426106610625,0.223711158488339,0,0,0
1555,0.5429097331406194,0.1905028793517233,0,0,0
1556,0.44428946613144,0.3393851440159617,0,0,0
1557,0.414224762704527,0.3793024855020301,0,0,0
1558,0.4318557046571918,0.3571708656757468,0,0,0
1559,0.3958789175714986,0.3911041472859805,0,0,0
1560,0.3730530147801893,0.4130509873708205,0,0,0
1561,0.3746764917216966,0.3935721376712954,0,0,0
1562,0.3349390842478486,0.4424758157800824,0,0,0
1563,0.2760713921817053,0.4719642784981419,0,0,0
1564,0.3417770715224182,0.4234206664695191,0,0,0
1565,0.3103685723136909,0.4491896442678053,0,0,0
1566,0.3174427938544113,0.42861655009207,0,0,0
1567,0.2880050887957751,0.4512985186167161,0,0,0
1568,0.2978589637983615,0.4313177643697382,0,0,0
1569,0.2536613984348894,0.4705574109312903,0,0,0
1570,0.1079917614022998,0.5588968146855443,0,0,0
1571,0.2384682108408956,0.4878577068881874,0,0,0
1572,0.2334325717430885,0.4667213706853489,0,0,0
1573,0.1989594670577893,0.4960824120943692,0,0,0
1574,0.1647972127630591,0.5161835298491886,0,0,0
1575,0.1864266199989472,0.5130355560332472,0,0,0
1576,0.1470021138401134,0.5177725295214873,0,0,0
1577,0.1336675723512752,0.5310285148459589,0,0,0
1578,0.09413231029506386,0.5711810734628499,0,0,0
1579,0.01892572460139747,0.5985525470008275,0,0,0
1580,0.06729291689764977,0.578971623618903,0,0,0
1581,0.04299656663771376,0.5943370965043546,0,0,0
1582,0,0.5897435897450484,1,-1,0
1583,0.09099920718546162,0.5488497662655003,0,0,0
1584,0.02240022434519311,0.5762556949803268,0,0,0
1585,0,0.5641025641042006,1,-1,0
1586,0.07636479343980208,0.559721885057785,0,0,0
1587,0.04363827077618226,0.5715267208803254,0,0,0
1588,0.05744777150721789,0.5563042065655008,0,0,0
1589,0.07237324923064763,0.5444844170918307,0,0,0
1590,0.08103786280804609,0.5264473648370652,0,0,0
1591,0.111197776682018,0.5340468856620629,0,0,0
1592,0.4683313711551318,0.2606437974188476,0,0,0
1593,0.4462033446657749,0.3205899804334745,0,0,0
1594,0.4472191033681118,0.2800487250210828,0,0,0
1595,0.422233957829142,0.3274704140923338,0,0,0
1596,0.4381342704870969,0.3003063877333833,0,0,0
1597,0.3522704467104969,0.405134254120705,0,0,0
1598,0.3580173795234173,0.3783116763797505,0,0,0
1599,0.4058125939568312,0.35249048687621,0,0,0
1600,0.3867912485791135,0.372527760566394,0,0,0
1601,0.5897435897425076,0,1,0,-1
1602,0.5921390440764798,0.05576304821753985,0,0,0
1603,0.6007573423683789,0.03953492940821113,0,0,0
1604,0.5988878811995947,0.01975738721493263,0,0,0
1605,0.5768609702152969,0.1234958462832663,0,0,0
1606,0.5863217387243052,0.09355721269336155,0,0,0
1607,0.5836037081145152,0.07224321022673688,0,0,0
1608,0.5500422187794061,0.154293911432325,0,0,0
1609,0.5588861215847999,0.1201815994560668,0,0,0
1610,0.548566523472528,0.1349802054903273,0,0,0
1611,0.5225905130184963,0.1930999092599027,0,0,0
1612,0.5021271976852906,0.2008884312434934,0,0,0
1613,0.4677732507451733,0.2304670951617772,0,0,0
1614,0.1285656156321134,0.5083759384773764,0,0,0
1615,0.1538561586568346,0.4968662508750751,0,0,0
1616,0.1778342154501826,0.4931323386669332,0,0,0
1617,0.3244061909313998,0.4079577140879077,0,0,0
1618,0.214829409044752,0.4741460965768837,0,0,0
1619,0.1904580345728971,0.471883015110639,0,0,0
1620,0.2772195277971646,0.4329561960039934,0,0,0
1621,0.2655007160650987,0.4512991342924448,0,0,0
1622,0.2456830153364967,0.4538468771161218,0,0,0
1623,0.2255731577629015,0.4501101832002473,0,0,0
1624,0.4021105226932212,0.3131694070134515,0,0,0
1625,0.4167836408476436,0.3057926645689475,0,0,0
1626,0.4230973625583299,0.2873359214953288,0,0,0
1627,0.4284251905647845,0.2682528121692919,0,0,0
1628,0.5313933961044681,0.1679392805551339,0,0,0
1629,0.540229263714189,0.1154423854607218,0,0,0
1630,0.5264533479370463,0.137870211547325,0,0,0
1631,0.5605185398033774,0.1015874385334957,0,0,0
1632,0.4825462587830379,0.2063614125554525,0,0,0
1633,0.4452757534750985,0.2520942218372687,0,0,0
1634,0.4412646148925244,0.227484123170616,0,0,0
1635,0.4617370038917374,0.2048309643692905,0,0,0
1636,0.5850537783074491,0.0343355487302205,0,0,0
1637,0.5731149650939914,0.05022198282345044,0,0,0
1638,0.5720932170722465,0.02185776938267879,0,0,0
1639,0.5641025641014143,0,1,0,-1
1640,0.5614652067636613,0.07487836566972031,0,0,0
1641,0.5017352349805453,0.1779466112915234,0,0,0
1642,0.4801483544612593,0.1819540035562024,0,0,0
1643,0.5063981140434406,0.154181833141766,0,0,0
1644,0.3745846834458257,0.352194705076127,0,0,0
1645,0.3914043676506225,0.3305419724692205,0,0,0
1646,0.3481396305692414,0.3573279989722274,0,0,0
1647,0.3293288299948869,0.3826259890343609,0,0,0
1648,0.2972903587864688,0.4118870397048625,0,0,0
1649,0.2478332811635153,0.4331725856779934,0,0,0
1650,0.2690187767961992,0.4140267940434801,0,0,0
1651,0.3063290953975525,0.3939589297754508,0,0,0
1652,0.2646261001661315,0.3968560813023852,0,0,0
1653,0.282611103529315,0.3984428110564501,0,0,0
1654,0.2228326897976113,0.4273325646660545,0,0,0
1655,0.1000420936294406,0.5083851445518577,0,0,0
1656,0.1794071957334903,0.4549019495520842,0,0,0
1657,0.135713852898198,0.4788157179020627,0,0,0
1658,0.2002500754069559,0.4478432595131166,0,0,0
1659,0.1629152432779146,0.4692754271360469,0,0,0
1660,0,0.5384615384633528,1,-1,0
1661,0.1104153727163904,0.4853554537254692,0,0,0
1662,0.05685958704677106,0.5334621861646217,0,0,0
1663,0.02933353498124075,0.5483533728264575,0,0,0
1664,0.07952213081156827,0.5054820355925459,0,0,0
1665,0,0.512820512822505,1,-1,0
1666,0.06168536648829198,0.5130976513448002,0,0,0
1667,0.01731059584230978,0.5246729263004171,0,0,0
1668,0.03746524503197903,0.5219414952254653,0,0,0
1669,0.06469448223922505,0.4928383849454498,0,0,0
1670,0.0458191410220017,0.4960313824727406,0,0,0
1671,0.02093198058180741,0.4998515134792826,0,0,0
1672,0.08702983554604829,0.4862120005076374,0,0,0
1673,0.4196537568367911,0.2474394013859977,0,0,0
1674,0.4079047669039185,0.2745960784912138,0,0,0
1675,0.3800134439602733,0.3070231229487023,0,0,0
1676,0.4001172031784245,0.2950188609880537,0,0,0
1677,0.4180684413940332,0.2204821990389213,0,0,0
1678,0.3165391486083945,0.3609759565726556,0,0,0
1679,0.3328298222173863,0.3378418407142009,0,0,0
1680,0.3595846561314731,0.329031357144294,0,0,0
1681,0.3529375626679134,0.2972308091007183,0,0,0
1682,0.5384615384603212,0,1,0,-1
1683,0.546063785749872,0.01925367042680977,0,0,0
1684,0.5520716760398791,0.04808693978528832,0,0,0
1685,0.5328847600456502,0.09804291881820323,0,0,0
1686,0.5358684510920982,0.07535514265590372,0,0,0
1687,0.5131629993440744,0.08741425472453571,0,0,0
1688,0.5146445462745123,0.1104153727163593,0,0,0
1689,0.48543811164248,0.1553190633908307,0,0,0
1690,0.4558340211733979,0.1800912412578278,0,0,0
1691,0.4636269235110282,0.1545560977960831,0,0,0
1692,0.4377260938374777,0.2047780150735198,0,0,0
1693,0.159299178647355,0.4465912847206668,0,0,0
1694,0.1392850740530895,0.4532145979116636,0,0,0
1695,0.09709132507992928,0.4673855950544225,0,0,0
1696,0.1152614317237867,0.4607173525570538,0,0,0
1697,0.1757081235769419,0.4350417425237033,0,0,0
1698,0.2969071211448677,0.3734680448430026,0,0,0
1699,0.2780058162375862,0.3779735200118136,0,0,0
1700,0.1991635465723932,0.4178584123987924,0,0,0
1701,0.2468714468768181,0.4087126613576884,0,0,0
1702,0.2247232226407714,0.4011012651982637,0,0,0
1703,0.3766544185266625,0.2771368340886146,0,0,0
1704,0.3963388835789861,0.2558549157516334,0,0,0
1705,0.3768159498161243,0.2551444703801125,0,0,0
1706,0.4023144117518817,0.234093742271691,0,0,0
1707,0.4917485577045826,0.129608262208136,0,0,0
1708,0.4916296764221655,0.1001662182218159,0,0,0
1709,0.5272891454512748,0.05523061681565637,0,0,0
1710,0.5128205128192278,0,1,0,-1
1711,0.4430094472720987,0.1614696640575589,0,0,0
1712,0.4321658944910233,0.1824868578447801,0,0,0
1713,0.3994424078972473,0.2149181742494133,0,0,0
1714,0.4093533968461382,0.1980719249322844,0,0,0
1715,0.4121927821794841,0.1773728069815231,0,0,0
1716,0.5256410256397742,0.01426398554079819,0,0,0
1717,0.5246653301988383,0.03408879560535973,0,0,0
1718,0.5071616150545099,0.06469448223919461,0,0,0
1719,0.4689714851540239,0.1336675723512733,0,0,0
1720,0.4659531143379108,0.111197776682018,0,0,0
1721,0.3400800065984669,0.3162489486846044,0,0,0
1722,0.3106383934137236,0.3383983149700773,0,0,0
1723,0.3449663525663438,0.2758906695671421,0,0,0
1724,0.3203595338441601,0.3234973835673938,0,0,0
1725,0.2903152245068131,0.3433053127009285,0,0,0
1726,0.2526164196992494,0.3793825325892272,0,0,0
1727,0.272409074658933,0.360616211175517,0,0,0
1728,0.2389283820416748,0.3624687473113245,0,0,0
1729,0.2245759072721528,0.3770621636371264,0,0,0
1730,0.2554693304218532,0.353749656971535,0,0,0
1731,0.1747850520986364,0.4079760219704048,0,0,0
1732,0.2008453213425364,0.3924069577824976,0,0,0
1733,0.07483106818392547,0.4642603188300735,0,0,0
1734,0.1201815994560626,0.4411138784151606,0,0,0
1735,0.1485768878392591,0.4293356472100737,0,0,0
1736,0.09791891722949542,0.4403828496518781,0,0,0
1737,0.01426398554066542,0.4743589743609484,0,0,0
1738,0.05523061681560637,0.4727108545486489,0,0,0
1739,0,0.4871794871815149,1,-1,0
1740,0.03408879560528077,0.4753346698013191,0,0,0
1741,0,0.4615384615403826,1,-1,0
1742,0.01925367042681108,0.4539362142505865,0,0,0
1743,0.0480869397853536,0.4479283239601792,0,0,0
1744,0,0.4358974358992502,1,-1,0
1745,0.07486081447680187,0.4386299220667519,0,0,0
1746,0.1227761629647099,0.4210468554521379,0,0,0
1747,0.1478384208067072,0.4011998151006409,0,0,0
1748,0.3875889019764333,0.1822076006897382,0,0,0
1749,0.3774366877779026,0.2328070223572342,0,0,0
1750,0.356179879374152,0.2560063426441589,0,0,0
1751,0.3810613325689227,0.2038128668897111,0,0,0
1752,0.2985790625165952,0.3162468787870924,0,0,0
1753,0.3213973256401512,0.2962263504095567,0,0,0
1754,0.3385824559284342,0.2570774343616453,0,0,0
1755,0.322845783651543,0.2715682705242652,0,0,0
1756,0.5039686175273135,0.04581914102200441,0,0,0
1757,0.5001484865211009,0.02093198058181847,0,0,0
1758,0.4871794871782058,0,1,0,-1
1759,0.4868949363717176,0.06169154413370644,0,0,0
1760,0.4944307959539748,0.07959477992169005,0,0,0
1761,0.4735526351629116,0.08103786280804179,0,0,0
1762,0.4411031853144223,0.107991761402313,0,0,0
1763,0.4206089908919105,0.1573082677946827,0,0,0
1764,0.4428114062931335,0.1329058555944209,0,0,0
1765,0.4013652325540429,0.1484237613929233,0,0,0
1766,0.3970839400062731,0.1661726033809682,0,0,0
1767,0.1226064984490163,0.4022608930539792,0,0,0
1768,0.09754340644044948,0.4137668169438639,0,0,0
1769,0.1748556038229775,0.3807474978948145,0,0,0
1770,0.2611405359432284,0.3358181999365956,0,0,0
1771,0.2392574142134606,0.3445128433710928,0,0,0
1772,0.2038575855140562,0.3686108011811414,0,0,0
1773,0.2227228386016579,0.3576365399876408,0,0,0
1774,0.2752913999856497,0.3181761176457261,0,0,0
1775,0.3483161375294015,0.2361803224157129,0,0,0
1776,0.3572337308115144,0.2119226912662286,0,0,0
1777,0.18328711370579,0.3596222936807329,0,0,0
1778,0.1499509841762569,0.3782616098036916,0,0,0
1779,0.1333076244132228,0.3868949733103557,0,0,0
1780,0.45115023373446,0.09099920718546822,0,0,0
1781,0.4555155829081463,0.07237324923064531,0,0,0
1782,0.47532707370004,0.01731059584225167,0,0,0
1783,0.4665378138353778,0.05685958704674013,0,0,0
1784,0.4780585047744692,0.03746524503186294,0,0,0
1785,0.4198522900041783,0.1109009082193318,0,0,0
1786,0.4115843362787416,0.1321171682304069,0,0,0
1787,0.378626631517086,0.1632684287500306,0,0,0
1788,0.3589940930824643,0.1827304909062845,0,0,0
1789,0.3848497079181987,0.1386274002684583,0,0,0
1790,0.461538461537255,0,1,0,-1
1791,0.4402781149421829,0.07636479343981953,0,0,0
1792,0.4288189265371012,0.09413231029508622,0,0,0
1793,0.3206041265207307,0.245741566656947,0,0,0
1794,0.275004472532364,0.2986139122462919,0,0,0
1795,0.301309907433579,0.2706815839414245,0,0,0
1796,0.293768864720656,0.2913801465698491,0,0,0
1797,0.256692901066682,0.3116818563977701,0,0,0
1798,0.219499341666626,0.334293740370061,0,0,0
1799,0.2372403800094093,0.3218131162368702,0,0,0
1800,0.2007585564722413,0.3477108317931651,0,0,0
1801,0.1595324352866896,0.3570590734724821,0,0,0
1802,0.1790417529497741,0.3397551424169191,0,0,0
1803,0.05022198282349949,0.4268850349060458,0,0,0
1804,0,0.4102564102581178,1,-1,0
1805,0.07224321022675417,0.4163962918854848,0,0,0
1806,0.1115668776199924,0.3883960044628976,0,0,0
1807,0.05580543349168224,0.4078502433718048,0,0,0
1808,0.02185776938276277,0.4279067829281197,0,0,0
1809,0.03433554873029903,0.4149462216925773,0,0,0
1810,0.1413181298365054,0.3414966109873603,0,0,0
1811,0,0.3846153846169855,1,-1,0
1812,0.03953492940820863,0.3992426576316727,0,0,0
1813,0.01975738721485366,0.4011121188005702,0,0,0
1814,0.05465411814097305,0.3897293205673024,0,0,0
1815,0.101087281191106,0.3703445972849139,0,0,0
1816,0.0802514301518748,0.3897252950690553,0,0,0
1817,0.1283930738917753,0.3630926213349477,0,0,0
1818,0.3595908474511776,0.1544710052556687,0,0,0
1819,0.34090860511117,0.1990068900481836,0,0,0
1820,0.3419775774341142,0.1653932530228011,0,0,0
1821,0.2394730600275836,0.2991924698507951,0,0,0
1822,0.2572583061205161,0.292628236096291,0,0,0
1823,0.330833863393969,0.1819712617477616,0,0,0
1824,0.3329430442895729,0.2196880093043642,0,0,0
1825,0.2734143906284552,0.2732905727145348,0,0,0
1826,0.3024654597968667,0.2232363083371151,0,0,0
1827,0.2925929080983407,0.2484414513525087,0,0,0
1828,0.4358974358963042,0,1,0,-1
1829,0.4516466271737896,0.0293335349812443,0,0,0
1830,0.4436957934345162,0.05744777150725667,0,0,0
1831,0.4084946829301942,0.08990015525418002,0,0,0
1832,0.4210283763810495,0.06729291689769112,0,0,0
1833,0.3936693090746903,0.1087836008550084,0,0,0
1834,0.389921950934826,0.08032687379780205,0,0,0
1835,0.3514033915495585,0.1309802823886702,0,0,0
1836,0.3705485373906667,0.11566040551767,0,0,0
1837,0.1020849179282481,0.3481302948658529,0,0,0
1838,0.08314010636363926,0.3623787706918157,0,0,0
1839,0.1574401520691089,0.330807509327996,0,0,0
1840,0.2181719424536555,0.3091103368547821,0,0,0
1841,0.1976219458566784,0.3245124058230424,0,0,0
1842,0.2468284059919343,0.2768924619799277,0,0,0
1843,0.3183854410696143,0.201565504661729,0,0,0
1844,0.1756103143081367,0.3188187404040961,0,0,0
1845,0.1384733514759497,0.3235060375944593,0,0,0
1846,0.1210284145235059,0.334884998723203,0,0,0
1847,0.4102564102553534,0,1,0,-1
1848,0.4004114400354381,0.06415353390931741,0,0,0
1849,0.4284732791195698,0.04363827077636273,0,0,0
1850,0.4237443050200421,0.02240022434531228,0,0,0
1851,0.3710870727454546,0.09454772903481842,0,0,0
1852,0.3208813793825594,0.1664918684723883,0,0,0
1853,0.3303314572797841,0.146978444416944,0,0,0
1854,0.3490160400797447,0.1076517545852065,0,0,0
1855,0.3298599152570497,0.1215968756199293,0,0,0
1856,0.4014474529993994,0.01892572460143369,0,0,0
1857,0.3845756835768422,0.05494486619870938,0,0,0
1858,0.4056629034956852,0.04299656663777403,0,0,0
1859,0.2992354563109824,0.2028300475804439,0,0,0
1860,0.2822058465837833,0.2113445237448073,0,0,0
1861,0.2671133894687604,0.2497118050614848,0,0,0
1862,0.2706403708643401,0.2312205492962994,0,0,0
1863,0.2508066394115404,0.2576649863032261,0,0,0
1864,0.1961709910390176,0.2989423918163035,0,0,0
1865,0.219298953640536,0.2834187150637943,0,0,0
1866,0.2004984150495018,0.2793155284169851,0,0,0
1867,0.1757992229857589,0.2993254277431118,0,0,0
1868,0.1496245132144368,0.3040301691153448,0,0,0
1869,0.1620209991393991,0.2881442526638437,0,0,0
1870,0.03249865573606777,0.3808086062124472,0,0,0
1871,0.06480693182399584,0.3493701233446078,0,0,0
1872,0.01952576617440369,0.3634622851255309,0,0,0
1873,0.06098418900396606,0.3677711657709869,0,0,0
1874,0,0.3589743589758531,1,-1,0
1875,0.04177397626319163,0.3536192458112627,0,0,0
1876,0.1002644694973417,0.3238070118597874,0,0,0
1877,0.1229555477361914,0.3063108998183926,0,0,0
1878,0.02335619887275903,0.3392938300111064,0,0,0
1879,0,0.3333333333347207,1,-1,0
1880,0.05409828830685216,0.3317411792580933,0,0,0
1881,0.1000588068697552,0.3006362418919842,0,0,0
1882,0.07925846146656387,0.3344188369905778,0,0,0
1883,0.3106605141000352,0.1349857720891131,0,0,0
1884,0.3039262175151248,0.1826605109525056,0,0,0
1885,0.2992761115111951,0.1565805409605199,0,0,0
1886,0.2300673337178641,0.2595243992946744,0,0,0
1887,0.2836623687482962,0.1947586259734909,0,0,0
1888,0.243342581207728,0.2353169029044842,0,0,0
1889,0.2610654554702128,0.2045113291742435,0,0,0
1890,0.3829582616115131,0.02923183202408212,0,0,0
1891,0.3846153846144026,0,1,0,-1
1892,0.3518191712525462,0.06294755247490472,0,0,0
1893,0.3704991874657431,0.0708513590239841,0,0,0
1894,0.3507122524547624,0.08323740332196339,0,0,0
1895,0.3624652775736081,0.04463986117779533,0,0,0
1896,0.2797614646683289,0.1568896882968958,0,0,0
1897,0.3069204705609083,0.1129308624730296,0,0,0
1898,0.3294445561320374,0.09775615082808564,0,0,0
1899,0.07487246639037926,0.3100960845184659,0,0,0
1900,0,0.3076923076935884,1,-1,0
1901,0.2028255428228769,0.2598218114561824,0,0,0
1902,0.1818743406217433,0.2796174915599846,0,0,0
1903,0.2154526166622374,0.2447892624083051,0,0,0
1904,0.2743918097093052,0.1756535849897046,0,0,0
1905,0.1356497736254056,0.2765989434388123,0,0,0
1906,0.1639071175862132,0.2684767877461537,0,0,0
1907,0.1093829488916684,0.2830770448780405,0,0,0
1908,0.3644016329932421,0.01898481513223563,0,0,0
1909,0.3438111655739219,0.02365910709353268,0,0,0
1910,0.3589743589734518,0,1,0,-1
1911,0.3263658105542753,0.07117762873002552,0,0,0
1912,0.2851620781614493,0.1353892433255971,0,0,0
1913,0.2803518843820512,0.1116161331335057,0,0,0
1914,0.3117441341516441,0.08946946163574358,0,0,0
1915,0.2956725501575468,0.09740598992903324,0,0,0
1916,0.3356352956636366,0.04977317413718794,0,0,0
1917,0.333333333332501,0,1,0,-1
1918,0.3076923076915502,0,1,0,-1
1919,0.2519898405929545,0.1869490699541364,0,0,0
1920,0.2332112099645457,0.2055020757511707,0,0,0
1921,0.166520795317725,0.2503616664196514,0,0,0
1922,0.2190383777593667,0.2233168223149378,0,0,0
1923,0.1854360783683077,0.2498933680339366,0,0,0
1924,0.1475830487298672,0.2522789878830572,0,0,0
1925,0.1266803979741113,0.2530315577817023,0,0,0
1926,0.08522398462158021,0.2855232402305697,0,0,0
1927,0.0163351206206044,0.3192501036470345,0,0,0
1928,0.05265292882871039,0.3081018272898455,0,0,0
1929,0.03456235906752889,0.3182170067346139,0,0,0
1930,0.109028555409629,0.2609557609669403,0,0,0
1931,0,0.282051282052456,1,-1,0
1932,0.09296890841396545,0.2691705291364888,0,0,0
1933,0.075006444367003,0.2641087052204132,0,0,0
1934,0.02646805028184541,0.2951886067269029,0,0,0
1935,0.05491888389091698,0.2860884333937354,0,0,0
1936,0.2496786762503536,0.1676066364252081,0,0,0
1937,0.2633646515044853,0.1463037763594489,0,0,0
1938,0.2152614274721815,0.190826532723202,0,0,0
1939,0.2210627418557449,0.173575409730676,0,0,0
1940,0.1939878401686777,0.2226797624571983,0,0,0
1941,0.2331566254972124,0.187507138090873,0,0,0
1942,0.2091976407936449,0.2082961080535307,0,0,0
1943,0.2422851750349943,0.1438842800832035,0,0,0
1944,0.3205128205120255,0.01453487095715638,0,0,0
1945,0.3061090615888041,0.0499046671201888,0,0,0
1946,0.2936919600707539,0.0745634195419846,0,0,0
1947,0.3205128205120255,0.03391599638168111,0,0,0
1948,0.2580011270348841,0.125117184984759,0,0,0
1949,0.2607933103490527,0.1059975966532146,0,0,0
1950,0.275561770028466,0.09285592143540093,0,0,0
1951,0.03752529061886557,0.2736609463546766,0,0,0
1952,0.01877694507617305,0.2714125221725259,0,0,0
1953,0.1624763975040681,0.231709286347119,0,0,0
1954,0.1946432163080765,0.1954859958838594,0,0,0
1955,0.2243391012666387,0.1552632721646753,0,0,0
1956,0.1109047954717854,0.2415055869402385,0,0,0
1957,0.1302358166338691,0.2338185096794631,0,0,0
1958,0.07093631348141607,0.2456537698447501,0,0,0
1959,0.05329011045625349,0.2578814157100834,0,0,0
1960,0.09114536190026104,0.2456612279290764,0,0,0
1961,0.2820512820505994,0,1,0,-1
1962,0.2979710855164317,0.02371475044692194,0,0,0
1963,0.2797317725103208,0.0470268951478031,0,0,0
1964,0.2331025062917695,0.1263994106012378,0,0,0
1965,0.2539236012510313,0.09200310747159066,0,0,0
1966,0.2404063762179796,0.1057694909646325,0,0,0
1967,0.2622738970867519,0.07558392030482911,0,0,0
1968,0.2582267216666024,0.05181110163837124,0,0,0
1969,0.2742755963579993,0.02053016938682084,0,0,0
1970,0.2003303137361295,0.1774806848407363,0,0,0
1971,0.1451277433476481,0.2109454490877418,0,0,0
1972,0.1724398929294931,0.2047197892426122,0,0,0
1973,0.1188817029145068,0.2151316937371573,0,0,0
1974,0.09750896846394759,0.2214298407780572,0,0,0
1975,0.03417246338913892,0.2577337537701351,0,0,0
1976,0,0.2564102564113235,1,-1,0
1977,0.03931789935808348,0.2400474296627407,0,0,0
1978,0.05052587026281906,0.2156740227756671,0,0,0
1979,0.07654244908381755,0.224701009910009,0,0,0
1980,0.01996693235491028,0.2427646715242131,0,0,0
1981,0.02952291258829059,0.2210766120129367,0,0,0
1982,0.0586972015997453,0.2359164904541686,0,0,0
1983,0,0.2307692307701913,1,-1,0
1984,0.2178428160816639,0.1375428537638537,0,0,0
1985,0.1999740148917531,0.1557453153565832,0,0,0
1986,0.2160088383597251,0.1160965118144151,0,0,0
1987,0.2214738741973945,0.09714052336367339,0,0,0
1988,0.1559692506031453,0.1915439793732926,0,0,0
1989,0.1777703369414357,0.176072329435672,0,0,0
1990,0.1526109394554946,0.1695361241869962,0,0,0
1991,0.1930203599545192,0.1268550003948906,0,0,0
1992,0.2552135853029958,0.03190920133937915,0,0,0
1993,0.2564102564096487,0,1,0,-1
1994,0.2345099879009415,0.08175556881474692,0,0,0
1995,0.2356876317663415,0.05272438976147359,0,0,0
1996,0,0.2051282051290588,1,-1,0
1997,0.1317608506377708,0.1893881866070858,0,0,0
1998,0.1692726489407364,0.1439006898240319,0,0,0
1999,0.08604312444284096,0.2059809431862077,0,0,0
2000,0.1034973614809342,0.1973817919815653,0,0,0
2001,0.06699195657987206,0.2061596292341493,0,0,0
2002,0.1972984406660268,0.1025533555114059,0,0,0
2003,0.2382013450185732,0.0203777248192069,0,0,0
2004,0.2307692307686978,0,1,0,-1
2005,0.2062640685934672,0.08590269562432663,0,0,0
2006,0.208726489250156,0.0650385716807797,0,0,0
2007,0.2051282051277471,0,1,0,-1
2008,0.215012032321045,0.04726770339443909,0,0,0
2009,0.2175000585729024,0.02625198684523879,0,0,0
2010,0.1475504708453298,0.147848523031063,0,0,0
2011,0.1110940034798763,0.1735473761392431,0,0,0
2012,0.1319326795423091,0.1615361206909441,0,0,0
2013,0,0.1794871794879265,1,-1,0
2014,0,0.1538461538467942,1,-1,0
2015,0.05972092196430131,0.1888481550165886,0,0,0
2016,0.08263571031530792,0.1817854987714947,0,0,0
2017,0.02132635453164844,0.200949789301373,0,0,0
2018,0.02269946880700517,0.1792458938613246,0,0,0
2019,0.05681701326285922,0.1707510186048147,0,0,0
2020,0.04085754981184085,0.1936440236966956,0,0,0
2021,0.1725610823374466,0.1110392001323815,0,0,0
2022,0.1837455901177209,0.08293840118251392,0,0,0
2023,0.1794871794867963,0,1,0,-1
2024,0.184569087240901,0.05997817003398361,0,0,0
2025,0.1515960067337977,0.1041887088473322,0,0,0
2026,0.1596479781919816,0.08687981693044772,0,0,0
2027,0.1322494598711143,0.1402338754154571,0,0,0
2028,0.1142438188895089,0.1470456792925633,0,0,0
2029,0.1463182695622641,0.1234725113407215,0,0,0
2030,0.1982401053234771,0.01971996031769269,0,0,0
2031,0.1971874069489673,0.04227104279674501,0,0,0
2032,0.03299226428988812,0.1584719678959471,0,0,0
2033,0.0522171588276451,0.1508973504810161,0,0,0
2034,0.09460462058965259,0.1575932353189865,0,0,0
2035,0.1188115069267611,0.1224280034067221,0,0,0
2036,0.07296999473623747,0.1537988298516925,0,0,0
2037,0.1422896700677827,0.08950378320656732,0,0,0
2038,0.1763252142904682,0.04403565519619734,0,0,0
2039,0.1792458938604452,0.02269946880683226,0,0,0
2040,0.1613470598065022,0.06173418426441079,0,0,0
2041,0.1592766235955252,0.03349541007901501,0,0,0
2042,0.1538461538458455,0,1,0,-1
2043,0.1297964752115582,0.1013880889626753,0,0,0
2044,0.08788101979512776,0.1262022361442623,0,0,0
2045,0,0.02564102564113235,1,-1,0
2046,0,0.05128205128226471,1,-1,0
2047,0.05128205128194782,0,1,0,-1
2048,0.01752370745704719,0.1075880073424345,0,0,0
2049,0.0407154550195063,0.1362627409354839,0,0,0
2050,0.0198459163629887,0.1404024863662644,0,0,0
2051,0.02857861995755789,0.1220883793397808,0,0,0
2052,0.06064782428174323,0.1320641335094881,0,0,0
2053,0,0.07692307692339706,1,-1,0
2054,0,0.1025641025645295,1,-1,0
2055,0,0.1282051282056618,1,-1,0
2056,0.1441674306111063,0.07232851505348215,0,0,0
2057,0.1408267111172313,0.03800362459880426,0,0,0
2058,0.1413910223665241,0.02034022394715996,0,0,0
2059,0.1211615301155092,0.07828287154469271,0,0,0
2060,0.1332885316795528,0.05608074028436744,0,0,0
2061,0.104574649607224,0.09794791271427791,0,0,0
2062,0.1282051282048931,0,1,0,-1
2063,0.1025641025639128,0,1,0,-1
2064,0.07692307692292639,0,1,0,-1
2065,0.0829259816813209,0.09066923549081272,0,0,0
2066,0.05001094639721475,0.1136521280204069,0,0,0
2067,0.06917943731020534,0.1074200193643102,0,0,0
2068,0.1078425659505312,0.017352456898699,0,0,0
2069,0.04157004286894485,0.05187732903378976,0,0,0
2070,0.04270456248910235,0.07598072445601539,0,0,0
2071,0.04689710567402369,0.01915971338417613,0,0,0
2072,0.01915971338415698,0.04689710567398603,0,0,0
2073,0.02166164546643795,0.02077839951405268,0,0,0
2074,0.07698591838728105,0.04521193155462867,0,0,0
2075,0.01966012322349817,0.08886209089242685,0,0,0
2076,0.08822750630820482,0.02097196857463076,0,0,0
2077,0.1101238923326953,0.05868928757069402,0,0,0
2078,0.06178609399265429,0.08630585379218624,0,0,0
2079,0.1230519355487911,0.03275159426776315,0,0,0
2080,0.06432825892702169,0.02824141263149368,0,0,0
2081,0.02448280925071392,0.06819806213389404,0,0,0
2082,0.08816555467861889,0.07076914198498613,0,0,0
2083,0.03827202809946994,0.03297255238502158,0,0,0
2084,0.03937979410417987,0.09622033570977365,0,0,0
2085,0.09881141742994262,0.04006958117950867,0,0,0
2086,0.06047288506320425,0.0589741169223279,0,0,0
2087,0.02564102564097712,0,1,0,-1
