iv,x,y,z,boundary_flag,normal_x,normal_y,normal_z
0,0.9161434214096766,0,0.9161434214096766,1,0,-1,0
1,0.9161434214093718,0.08385657859050674,1,1,0,0,1
2,1,0.9161434214096456,0.9161434214096456,1,1,0,0
3,1,0.08133897861904563,0.9186610213808216,1,1,0,0
4,1,0.1657345779131953,0.9076715713806722,1,1,0,0
5,0.8986077697523145,0.1636359937338277,1,1,0,0,1
6,1,0.2681415939211296,0.9004115416714573,1,1,0,0
7,1,0.09406076390296814,0.8341088946156944,1,1,0,0
8,0.8250171002154165,0.08964454350473237,1,1,0,0,1
9,0.7180205897491626,0.09722599833409298,1,1,0,0,1
10,1,0.2022189565159739,0.7946499393350207,1,1,0,0
11,1,0.1924500897300702,0.6666666666654616,1,1,0,0
12,1,0.09622504486513936,0.7222222222214377,1,1,0,0
13,0.8250171002159313,0,0.9103554564950525,1,0,-1,0
14,0.8986077697527495,0,0.8363640062656574,1,0,-1,0
15,0.7720628965743317,0,0.7987666323161007,1,0,-1,0
16,0.8873393431734304,0,0.7228832451602998,1,0,-1,0
17,0.7180205897495396,0,0.9027740016660136,1,0,-1,0
18,1,0.09622504486497892,0.6111111111100755,1,1,0,0
19,0.6109959703965366,0,0.906248837770429,1,0,-1,0
20,1,0.1924500897297403,0.5555555555543163,1,1,0,0
21,0.7561239258713947,0.1142516536620834,0.8857483463380457,0,0,0,0
22,0.8535293383147651,0.1512902535988368,0.8230147407590221,0,0,0,0
23,0.7720628965735252,0.2012333676837018,1,1,0,0,1
24,0.8873393431729324,0.2771167548387922,1,1,0,0,1
25,0.7739230358999031,0.3334595758153309,1,1,0,0,1
26,1,0.2998396842797756,0.8139957660353047,1,1,0,0
27,1,0.3856684567448333,0.8882426617764891,1,1,0,0
28,0.8841350023289987,0.3891346571530437,1,1,0,0,1
29,0.8987749136944378,0.5003372566011066,1,1,0,0,1
30,0.6666703601867683,0.1760218148987407,1,1,0,0,1
31,0.6109959703964695,0.09375116222966673,1,1,0,0,1
32,0.4642569206858005,0.1806231619980003,1,1,0,0,1
33,0.5635465794149128,0.2005573940624758,1,1,0,0,1
34,0.5035107881895,0.09419809035797291,1,1,0,0,1
35,0.9161434214097511,1,0.9161434214097931,1,0,1,0
36,0.8251195008215892,1,0.910215463993084,1,0,1,0
37,0.9186610213809786,0.9186610213810243,1,1,0,0,1
38,0.8274390489440782,0.9096351154891862,1,1,0,0,1
39,0.6687434937004499,0.2748084479086473,1,1,0,0,1
40,1,0.3849001794601167,0.7777777777743839,1,1,0,0
41,1,0.2905358928757786,0.7189992943376714,1,1,0,0
42,1,0.4642569206862542,0.8193768380022219,1,1,0,0
43,1,0.3849001794596654,0.6666666666643674,1,1,0,0
44,1,0.5035107881895631,0.9058019096421092,1,1,0,0
45,1,0.8250171002158677,0.9103554564950742,1,1,0,0
46,0.8284889984683412,0.7498697987196344,1,1,0,0,1
47,0.8202275015198862,0.6645731145587547,1,1,0,0,1
48,0.8945611850266952,0.8246100707797129,1,1,0,0,1
49,0.9051035598250181,0.6119396083709898,1,1,0,0,1
50,0.9090624508969093,0.7181041015373026,1,1,0,0,1
51,0.8815444116907731,0.4401400674555916,0.8711299069203273,0,0,0,0
52,0.6916964658671205,0.5268372944163228,1,1,0,0,1
53,0.7999291245848601,0.5611081482491544,1,1,0,0,1
54,0.7754718875394303,0.4467064217234638,1,1,0,0,1
55,0.6765109776668947,0.393276696582712,1,1,0,0,1
56,1,0.6666703601868884,0.8239781851015497,1,1,0,0
57,1,0.5635465794151766,0.7994426059377895,1,1,0,0
58,1,0.6109959703965201,0.9062488377704417,1,1,0,0
59,1,0.718020589749464,0.902774001666043,1,1,0,0
60,1,0.4776477856957934,0.7240121981925853,1,1,0,0
61,0.8987306504790498,1,0.8361960152631789,1,0,1,0
62,1,0.898607769752681,0.836364006265673,1,1,0,0
63,1,0.7720628965741876,0.7987666323161463,1,1,0,0
64,1,0.6687434937010149,0.725191552091915,1,1,0,0
65,0.8810192067476514,0.7650424504709923,0.8963214881737043,0,0,0,0
66,0.8610483168203857,0.5696293870906393,0.8609242541047022,0,0,0,0
67,0.740142481652743,0.6222053076823442,1,1,0,0,1
68,0.6910195065158256,0.8059420829552146,1,1,0,0,1
69,0.7796969867522866,0.8200714965136587,1,1,0,0,1
70,0.7347774169584239,0.7194836277893832,1,1,0,0,1
71,0.7069142510751363,0.9024914447013195,1,1,0,0,1
72,0.6540818993334239,0.6390243533981057,1,1,0,0,1
73,0.7180205897508281,1,0.9027740016664469,1,0,1,0
74,0.6111111111124216,0.9346581186522516,1,1,0,0,1
75,1,0.8841350023291792,0.6108653428456039,1,1,0,0
76,1,0.7739230359005245,0.6665404241846543,1,1,0,0
77,1,0.8873393431732842,0.7228832451603268,1,1,0,0
78,0.7349501021411694,0.7738735186534296,0.8898800065925575,0,0,0,0
79,0.8194734197259159,0.856374900435434,0.8562045884814427,0,0,0,0
80,0.6666666666675921,1,0.8213672050449966,1,0,1,0
81,0.7728001809310259,1,0.7977586863004951,1,0,1,0
82,0.8873393431733807,1,0.7228832451605015,1,0,1,0
83,0.8841350023293537,0,0.610865342845583,1,0,-1,0
84,0.7754718875403179,0,0.5532935782766808,1,0,-1,0
85,0.8987749136943229,0,0.4996627433968984,1,0,-1,0
86,1,0.09622504486484369,0.4999999999988677,1,1,0,0
87,0.9051906855515816,0,0.3882113458304728,1,0,-1,0
88,1,0.09559899743959832,0.3899658014956788,1,1,0,0
89,1,0.08133897861857713,0.08133897861857713,1,1,0,0
90,0.9161434214094117,0.08385657859046672,0,1,0,0,-1
91,1,0.1008036606879565,0.174362575705006,1,1,0,0
92,1,0.1670051569741937,0.09395951644439579,1,1,0,0
93,1,0.09246876031392964,0.2842392534236198,1,1,0,0
94,0.5741270444800917,0.3289355506202579,1,1,0,0,1
95,0.6666703601869421,0,0.8239781851015113,1,0,-1,0
96,0.7739230359007934,0,0.6665404241845987,1,0,-1,0
97,0.8282642134633984,0.3062180770394605,0.8375403204497398,0,0,0,0
98,0.8922680665910967,0.2443978468608847,0.7537354546791031,0,0,0,0
99,0.8770875420930823,0.3615215313028832,0.7222222222194706,0,0,0,0
100,1,0.2886751345947771,0.6111111111095195,1,1,0,0
101,1,0.6765109776674942,0.6067233034181738,1,1,0,0
102,1,0.5741270444807745,0.6710644493803404,1,1,0,0
103,1,0.4808645351317312,0.6116130093569009,1,1,0,0
104,1,0.192450089729503,0.4444444444432958,1,1,0,0
105,1,0.1680414450702864,0.2496820230408284,1,1,0,0
106,1,0.3158766474655783,0.1851888997182555,1,1,0,0
107,1,0.3888888888878945,0.09364588323545536,1,1,0,0
108,1,0.1822575801865273,0.3392103251185664,1,1,0,0
109,1,0.2133829034917678,0.1784167961882162,1,1,0,0
110,1,0.2755991213350986,0.09414619585407159,1,1,0,0
111,1,0.2512943206712506,0.2721811647687336,1,1,0,0
112,1,0.340569315526136,0.2797085373385969,1,1,0,0
113,1,0.3849001794592662,0.555555555553686,1,1,0,0
114,1,0.2886751345943666,0.499999999998529,1,1,0,0
115,0.8755899113307918,0.1283000598197901,0.5555555555544326,0,0,0,0
116,0.8193188523396242,0.1907729547663113,0.671611933753021,0,0,0,0
117,0.7016695680345615,0.1911603672127687,0.8088396327872442,0,0,0,0
118,0.6263296832529985,0.2452552684705012,0.888909187972388,0,0,0,0
119,0.5858345030038944,0.1314099140767607,0.8685900859231828,0,0,0,0
120,0.5635465794152641,0,0.799442605937781,1,0,-1,0
121,0.5035107881895873,0,0.9058019096421208,1,0,-1,0
122,0.2998396842785794,0.186004233965186,1,1,0,0,1
123,0.3856684567444448,0.1117573382236647,1,1,0,0,1
124,0.2681415939209813,0.099588458328673,1,1,0,0,1
125,1,0.905190685551494,0.3882113458304591,1,1,0,0
126,1,0.7999291245834903,0.4388918517505447,1,1,0,0
127,1,0.8987749136942664,0.4996627433969092,1,1,0,0
128,0.9186610213813443,1,0.081338978618477,1,0,1,0
129,1,0.9186610213809165,0.0813389786189507,1,1,0,0
130,0.9186610213809795,0.9186610213810252,0,1,0,0,-1
131,1,0.8285536435524774,0.2504702343929842,1,1,0,0
132,1,0.8203250866558571,0.3355840917295142,1,1,0,0
133,1,0.895689158510146,0.1740933881429659,1,1,0,0
134,1,0.7824064498509231,0.1794548108047158,1,1,0,0
135,1,0.8306917044154241,0.09160909636950292,1,1,0,0
136,1,0.9095852052547369,0.2828016236814118,1,1,0,0
137,1,0.7077841001857126,0.09716609279358675,1,1,0,0
138,0.8274390489440606,0.909635115489146,0,1,0,0,-1
139,1,0.3761405619860115,0.3589639064777558,1,1,0,0
140,1,0.2869329764697399,0.3776768873899537,1,1,0,0
141,1,0.3816625825508078,0.4505049818448407,1,1,0,0
142,0.8681428565103793,0.287782707701786,0.595143744533545,0,0,0,0
143,1,0.740158978786229,0.3778063106550285,1,1,0,0
144,1,0.6917885280291038,0.1936174465023592,1,1,0,0
145,1,0.7347623174907245,0.2804172576063133,1,1,0,0
146,1,0.6540818993346812,0.3609756466030525,1,1,0,0
147,1,0.691696465866392,0.4731627055857177,1,1,0,0
148,1,0.4665118631991817,0.3971375743853837,1,1,0,0
149,1,0.5724307160690574,0.4384062655527948,1,1,0,0
150,1,0.5800663237664418,0.5516682211072645,1,1,0,0
151,1,0.4795610891691943,0.5030113894861522,1,1,0,0
152,1,0.6103240103044143,0.06512160185626974,1,1,0,0
153,1,0.6089732122806721,0.1541245761471037,1,1,0,0
154,1,0.4150019415656145,0.1993534027403022,1,1,0,0
155,1,0.4444295718042056,0.3009108442628035,1,1,0,0
156,1,0.5226700161986594,0.22351396334426,1,1,0,0
157,1,0.5014573885885415,0.0984119532567021,1,1,0,0
158,0.8987749136943445,0.5003372566010822,0,1,0,0,-1
159,0.8841350023287375,0.3891346571529732,0,1,0,0,-1
160,0.8873393431727445,0.2771167548386843,0,1,0,0,-1
161,0.3849001794592592,0.222222222225798,1,1,0,0,1
162,0.3842771581554382,0.3329513542993379,1,1,0,0,1
163,0.4776477856951041,0.2759878018079818,1,1,0,0,1
164,0.4665084126159196,0.6028489558073138,1,1,0,0,1
165,0.3816625825501424,0.5494950181554132,1,1,0,0,1
166,0.5800663237658821,0.448331778893545,1,1,0,0,1
167,0.4808645351309651,0.3883869906437113,1,1,0,0,1
168,0.4795610891684697,0.4969886105142594,1,1,0,0,1
169,0.3849001794586302,0.4444444444469491,1,1,0,0,1
170,0.2755991213360152,0.9058538041451146,1,1,0,0,1
171,0.0955989974393604,0.6100341985046853,1,1,0,0,1
172,0.0962250448645372,0.5000000000017728,1,1,0,0,1
173,0.2886751345945421,0.2777777777802798,1,1,0,0,1
174,0.1939829956139048,0.3304557800023918,1,1,0,0,1
175,0.2886751345941291,0.3888888888913072,1,1,0,0,1
176,0.09622504486470618,0.3888888888909856,1,1,0,0,1
177,0.09622504486533812,0.2777777777789339,1,1,0,0,1
178,0.2883888696177111,0.6231619816046363,1,1,0,0,1
179,0.2886751345938388,0.5000000000021201,1,1,0,0,1
180,0.1924500897290999,0.5555555555572229,1,1,0,0,1
181,0.1924500897293024,0.4444444444465439,1,1,0,0,1
182,0,0.9186610213810045,0.9186610213810502,1,-1,0,0
183,0.08133897861914285,0.9186610213808569,1,1,0,0,1
184,0.7118229585626996,0.1208908679203197,0.6986963418707703,0,0,0,0
185,0.6687434937012191,0,0.7251915520918587,1,0,-1,0
186,0.6765109776677745,0,0.6067233034181154,1,0,-1,0
187,0.9095852052547967,0,0.2828016236814417,1,0,-1,0
188,0.7999291245836346,0,0.4388918517504804,1,0,-1,0
189,0.5741270444810138,0,0.6710644493802939,1,0,-1,0
190,0.4470463930263032,0.1260383650193576,0.8739616349806757,0,0,0,0
191,0.4642569206863887,0,0.8193768380022952,1,0,-1,0
192,0.3856684567449101,0,0.8882426617765459,1,0,-1,0
193,0,0.3891347983680846,0.8841349207988791,1,-1,0,0
194,0.324064876914591,0.1280967522138859,0.8925953089182714,0,0,0,0
195,0.08133897861903823,0,0.9186610213808291,1,0,-1,0
196,0.2998396842799108,0,0.8139957660353494,1,0,-1,0
197,0.1657345779132047,0,0.9076715713806787,1,0,-1,0
198,0.09406076390297041,0,0.8341088946157034,1,0,-1,0
199,0.2681415939211551,0,0.9004115416714695,1,0,-1,0
200,0,0.08385657859081272,0.9161434214092291,1,-1,0,0
201,0,0.08964460130194203,0.8250170668464172,1,-1,0,0
202,0,0.1636360630909142,0.8986077297093604,1,-1,0,0
203,0,0.2771167548401054,0.8873393431724477,1,-1,0,0
204,0.08133897861906229,0.08133897861924058,1,1,0,0,1
205,0.1656695287942092,0.09243000262571022,1,1,0,0,1
206,0.2016475250354106,0.204956902226301,1,1,0,0,1
207,0.09408578278426405,0.1671374854763563,1,1,0,0,1
208,0.2022189565160278,0,0.7946499393350442,1,0,-1,0
209,0,0.2012337838221926,0.7720626563158893,1,-1,0,0
210,0.8285536435525946,0,0.2504702343929864,1,0,-1,0
211,0.9186610213809171,0,0.08133897861895004,1,0,-1,0
212,0.8203250866559841,0,0.3355840917295137,1,0,-1,0
213,0.8956891585101605,0,0.1740933881429706,1,0,-1,0
214,0.7824064498510224,0,0.1794548108046944,1,0,-1,0
215,0.8306917044154407,0,0.09160909636947641,1,0,-1,0
216,0.825017100215347,0.08964454350467037,0,1,0,0,-1
217,0.8986077697522417,0.1636359937337662,0,1,0,0,-1
218,0.4776477856960205,0,0.7240121981926034,1,0,-1,0
219,0.3849001794603245,0,0.7777777777746286,1,0,-1,0
220,0.3849001794598612,0,0.6666666666644187,1,0,-1,0
221,0.8920053481635525,0.2428431764225557,0.4312782156312651,0,0,0,0
222,0.8457132204155247,0.1541105989729097,0.3652537792416779,0,0,0,0
223,0.5093105392616041,0.2134584653220394,0.7865415346780535,0,0,0,0
224,0.8623070168785697,0.3511175133988525,0.4785388352308919,0,0,0,0
225,0.7401589787864469,0,0.3778063106550107,1,0,-1,0
226,0.6916964658665795,0,0.4731627055857479,1,0,-1,0
227,0.4808645351319781,0,0.6116130093568598,1,0,-1,0
228,0.4941573270186929,0.1230697842973245,0.6991511848151351,0,0,0,0
229,0.6896191897404632,0.1317196949804595,0.5334722964851811,0,0,0,0
230,0.7926889047190844,0.2265751751452372,0.4964491738016242,0,0,0,0
231,0.5800663237666988,0,0.551668221107201,1,0,-1,0
232,0.290535892875906,0,0.7189992943377362,1,0,-1,0
233,0.1924500897301497,0,0.6666666666654854,1,0,-1,0
234,0.09622504486511108,0,0.6111111111101396,1,0,-1,0
235,0.09622504486515324,0,0.7222222222214443,1,0,-1,0
236,0,0.1755613348842877,0.666424385127188,1,-1,0,0
237,0,0.09722599833402379,0.7180205897490066,1,-1,0,0
238,0,0.6117886541699871,0.9051906855510753,1,-1,0,0
239,0,0.5003372566036417,0.8987749136941732,1,-1,0,0
240,0.7455217868177136,0.5676685302652016,0.8932628763410408,0,0,0,0
241,0.7358594718556996,0.4013347606739465,0.8756867205166786,0,0,0,0
242,0.5724307160682878,0.5615937344479784,1,1,0,0,1
243,0.7196251629180599,0.3086277136520779,0.7828994574101725,0,0,0,0
244,0.6158094333840701,0.3561675134063153,0.8248057255136287,0,0,0,0
245,0.8000309756458466,0.4637665735745573,0.7706855088354332,0,0,0,0
246,0.8945611850271951,1,0.1753899292194797,1,0,1,0
247,0.9090624508975257,1,0.2818958984606487,1,0,1,0
248,0.516528938867024,0.2990255899305581,0.880782730509395,0,0,0,0
249,0.2628902407230664,0.3098942344844593,0.876366216694118,0,0,0,0
250,0.3790209731024735,0.2560181494099719,0.8520215997985983,0,0,0,0
251,0.6111111111124216,1,0.9037749551357299,1,0,1,0
252,0.3780940294749127,0.6406015109032173,1,1,0,0,1
253,0.3870116773104235,0.9057994236622799,1,1,0,0,1
254,0.6088079269755375,0.8451934987787528,1,1,0,0,1
255,0.4444088683094757,0.6990083368925706,1,1,0,0,1
256,0.5224961068566452,0.7758071583694457,1,1,0,0,1
257,0.6249009508177437,0.7424703469929586,1,1,0,0,1
258,0.5493654075704575,0.6676967930515302,1,1,0,0,1
259,0.5014241219502332,0.9013950023538263,1,1,0,0,1
260,0.6946111013118709,0.8865853184543719,0.8606402112491655,0,0,0,0
261,0.255046519191526,0.441753529536776,0.9010484056302189,0,0,0,0
262,0.556799525053596,0.4558458960343129,0.859739156421006,0,0,0,0
263,1,0.6250165603374863,0.2569244951600765,1,1,0,0
264,1,0.5493654075722378,0.3323032069485979,1,1,0,0
265,0.8274390489444634,1,0.09036488451096354,1,0,1,0
266,0.8945611850267084,0.824610070779714,0,1,0,0,-1
267,0.9051035598248984,0.611939608371022,0,1,0,0,-1
268,0.9090624508968382,0.7181041015373626,0,1,0,0,-1
269,0.8284889984685003,0.7498697987197437,0,1,0,0,-1
270,0.3405680580232101,0.7202865538373631,1,1,0,0,1
271,0.4150019415623487,0.8006465972578756,1,1,0,0,1
272,0.08133897861926263,1,0.918661021380783,1,0,1,0
273,0.1669853602362924,1,0.9057828663045221,1,0,1,0
274,0.2777777777790933,1,0.9037749551346979,1,0,1,0
275,0.1016721320291805,1,0.8252931542599283,1,0,1,0
276,0.09248266013354936,1,0.7157402217248602,1,0,1,0
277,0,0.9082964345040614,0.8306794087453133,1,-1,0,0
278,0,0.9020403665444048,0.7076808165564616,1,-1,0,0
279,0.1731415772873162,1,0.7443344532067345,1,0,1,0
280,0,0.749452571998804,0.8285568112095393,1,-1,0,0
281,0,0.6643994432126307,0.8203259371250514,1,-1,0,0
282,0,0.8258609641369836,0.8956888571764038,1,-1,0,0
283,0,0.8203201242814885,0.7824166361842796,1,-1,0,0
284,0,0.7171983763188372,0.9095852052544606,1,-1,0,0
285,0.170493752111866,0.7476525361519768,1,1,0,0,1
286,0.2512943206701915,0.7278188352304578,1,1,0,0,1
287,0.3138096703989063,0.8136647363240215,1,1,0,0,1
288,0.1008036606879786,0.8256374242948129,1,1,0,0,1
289,0.1822098693566955,0.6627981532969623,1,1,0,0,1
290,0.2133829034912491,0.821583203811038,1,1,0,0,1
291,0.1670051569752164,0.9060404835550591,1,1,0,0,1
292,0.09246876031371498,0.7157607465765278,1,1,0,0,1
293,0.2186046607240743,0.7691480193003108,0.902942988088743,0,0,0,0
294,0.8284889984709133,1,0.2501302012776618,1,0,1,0
295,0.8202274814240328,1,0.3354268506323402,1,0,1,0
296,0.9051035598254275,1,0.3880603916270422,1,0,1,0
297,0.8845175487331938,1,0.6106036924193375,1,0,1,0
298,0.8987749136942245,1,0.4996627433969941,1,0,1,0
299,0.4410106747812615,0.4886694187826439,0.8721428795098891,0,0,0,0
300,0.2841754039907229,1,0.7189849762687901,1,0,1,0
301,0.221816420635622,1,0.8186106486765833,1,0,1,0
302,0.3355468279943934,1,0.8165812988258938,1,0,1,0
303,0.3894942976025655,1,0.904939697181817,1,0,1,0
304,0.5036324522737716,1,0.9005201436761425,1,0,1,0
305,0.8822599457452287,0.5347527423424351,0.6115924211335416,0,0,0,0
306,0.832531852213933,0.4154605711103967,0.6036454548781732,0,0,0,0
307,0.681017866599724,0.6681431642032223,0.8583029719983151,0,0,0,0
308,0.8391273352437019,0.5955903052970531,0.7174462284398528,0,0,0,0
309,0.8164635694328688,0.7079861039406387,0.8168481658004607,0,0,0,0
310,0.6753280158343651,0.4338423997641679,0.7342717883719524,0,0,0,0
311,0.650964240160642,0.5265375809385783,0.831918553378119,0,0,0,0
312,0.5601721295003464,0.8769679557078629,0.8772883600437282,0,0,0,0
313,0.6370820520385768,0.7959550274705248,0.8001198900347883,0,0,0,0
314,0.3946558007484232,1,0.7501164815255708,1,0,1,0
315,0.444444444446485,1,0.8177931740103631,1,0,1,0
316,0.5647639484177261,1,0.7919735305660425,1,0,1,0
317,0.6730810234735728,1,0.7192625573452222,1,0,1,0
318,0.4766576660204276,1,0.7150032959155151,1,0,1,0
319,0.5777542749298125,1,0.6660933828343278,1,0,1,0
320,0.8865974103478108,0.7093356480553693,0.6771928649793839,0,0,0,0
321,0.7317563023600421,0.7466363556534473,0.7269937999493568,0,0,0,0
322,0.7498197932340336,0.5249781913594196,0.6197905409231621,0,0,0,0
323,0.8270689064814871,0.6475422742742568,0.5799833979318685,0,0,0,0
324,0.8213431015330175,0.8211958994776656,0.6707972702203764,0,0,0,0
325,0.6961600628003298,0.6257429332241997,0.6976568223022681,0,0,0,0
326,0.7401422798828891,1,0.3777943428423176,1,0,1,0
327,0.691696465866247,1,0.4731627055870934,1,0,1,0
328,0.7999291245831055,1,0.4388918517511118,1,0,1,0
329,0.7778618166137108,1,0.5522223420603427,1,0,1,0
330,0.774746496620805,1,0.6654137968201768,1,0,1,0
331,0.6771142122159932,1,0.6058925339763349,1,0,1,0
332,1,0.7754718875400393,0.5532935782767627,1,1,0,0
333,0.8685344869844939,0.7315333699779921,0.4793150659888408,0,0,0,0
334,0.5686492466150902,0.743628242325829,0.8894146978361116,0,0,0,0
335,0.4300106121635536,0.6863260192105523,0.8819166365262529,0,0,0,0
336,0.3067575664228261,0.861625599925948,0.8602412426269221,0,0,0,0
337,0.5253368361970204,0.6513761774546957,0.8186453850460889,0,0,0,0
338,0.5321309918712253,0.8836269693435386,0.7582732672118864,0,0,0,0
339,0.8335290844679647,0.8662911696850522,0.5322569036464424,0,0,0,0
340,0.6709997312185353,0.8560000300409136,0.6617721467932624,0,0,0,0
341,0.7347623174910097,0,0.2804172576063119,1,0,-1,0
342,0.8929212070076968,0.2166532341965262,0.2836604490613958,0,0,0,0
343,0.1285196185200403,0.2218125250712152,0.8753192748711451,0,0,0,0
344,0.1354944298158673,0.3435955949884906,0.8923992452119787,0,0,0,0
345,0.7720628965733496,0.2012333676835462,0,1,0,0,-1
346,0.5493654075726175,0,0.3323032069484357,1,0,-1,0
347,0.6540818993350265,0,0.360975646603,1,0,-1,0
348,0.5724307160693374,0,0.4384062655527057,1,0,-1,0
349,0.7551849873088525,0.1070951838746301,0.4228881755325564,0,0,0,0
350,0.8907244262240924,0.1136236323488963,0.2305895271402852,0,0,0,0
351,0.8834245400989075,0.2212590308687223,0.1191295353256374,0,0,0,0
352,0.7754718875390541,0.4467064217232207,0,1,0,0,-1
353,0.7739230358995215,0.3334595758151152,0,1,0,0,-1
354,0.8202275015197091,0.6645731145587401,0,1,0,0,-1
355,0.7999291245845418,0.5611081482490616,0,1,0,0,-1
356,0.8886188966465869,0.5831063632450008,0.2452011549894745,0,0,0,0
357,0.8660850429324709,0.7269048521893092,0.3077591261887664,0,0,0,0
358,0.8722348284114989,0.4553623285201236,0.1290823170055877,0,0,0,0
359,0.7401424816524099,0.6222053076822387,0,1,0,0,-1
360,0.6916964658667109,0.5268372944161489,0,1,0,0,-1
361,0.6103240103044364,0,0.0651216018559737,1,0,-1,0
362,0.6917885280293412,0,0.1936174465022581,1,0,-1,0
363,0.6089732122808896,0,0.154124576146932,1,0,-1,0
364,0.6250165603379327,0,0.2569244951599129,1,0,-1,0
365,0.7077841001858514,0,0.09716609279343952,1,0,-1,0
366,0.6666703601866921,0.1760218148985853,0,1,0,0,-1
367,0.6109959703964458,0.09375116222961873,0,1,0,0,-1
368,0.7180205897490591,0.09722599833398643,0,1,0,0,-1
369,0.8218484470137204,0.1179415119604467,0.1313300988398269,0,0,0,0
370,0.8017975150938187,0.1986337765794919,0.2190894132335409,0,0,0,0
371,0.4609165080768692,0.3469074049158977,0.7765242515560048,0,0,0,0
372,0.5877933838388425,0.2884446401446544,0.7218982179869504,0,0,0,0
373,0.6044290488171036,0.1718810127915646,0.643569291527916,0,0,0,0
374,0.6952182644131073,0.3220031317885289,0.6644964377664562,0,0,0,0
375,0.7573830400247266,0.3284914128866646,0.5574055680151508,0,0,0,0
376,0.8873759510588447,0.463806823601246,0.2533083392333675,0,0,0,0
377,0.8834677341437007,0.5109426750608566,0.4490698685350858,0,0,0,0
378,0.8282063204203116,0.2895066541917972,0.3411235624271377,0,0,0,0
379,0.8478944935698857,0.3516711093104697,0.2187764862968678,0,0,0,0
380,0.8352049309375278,0.4267721752754101,0.359290754072179,0,0,0,0
381,0.6505581172992643,0.2543038992024294,0.5538639383008234,0,0,0,0
382,0.4423989293859062,0.2526133388817789,0.6937942776791858,0,0,0,0
383,0.3820109272753311,0.1458497964779905,0.7533827514297967,0,0,0,0
384,0.2493757074272391,0.1873328721307916,0.8126671278688433,0,0,0,0
385,0.7796969666573831,1,0.1799284686784393,1,0,1,0
386,0.7347772963812994,1,0.2805161633616405,1,0,1,0
387,0.7069142510765416,1,0.09750855529964043,1,0,1,0
388,0.779696986752197,0.8200714965136365,0,1,0,0,-1
389,0.7347774169581156,0.7194836277893168,0,1,0,0,-1
390,0.7069142510750126,0.9024914447012373,0,1,0,0,-1
391,0.6111111111124216,0.9346581186520954,0,1,0,0,-1
392,0.6910195065155812,0.8059420829551203,0,1,0,0,-1
393,0.6111111111124216,1,0.0653418813480152,1,0,1,0
394,0.691019397862346,1,0.1940577288484117,1,0,1,0
395,0.6088078378825346,1,0.1548063469049955,1,0,1,0
396,0.6249006373139712,1,0.2575291099973427,1,0,1,0
397,0.6540810311597607,1,0.360974142879402,1,0,1,0
398,0.8291549011396511,0.8292082040506358,0.3909019075353214,0,0,0,0
399,0.8788863921172883,0.8787610844911694,0.2874072919247991,0,0,0,0
400,0.8897240875266004,0.8897240875269975,0.1233942105866379,0,0,0,0
401,0.7685116248922615,0.8835401848018011,0.1143016523907441,0,0,0,0
402,0.8824705141543504,0.7687236808125132,0.1148471176992441,0,0,0,0
403,0.8432506418227415,0.6560405856842524,0.1620027646160382,0,0,0,0
404,0.8073853663346428,0.8073049589398014,0.213776659383723,0,0,0,0
405,0.754515903960409,0.3707540433581067,0.4287923840100693,0,0,0,0
406,0.6571141097186833,0.3724650877205407,0.4994265793245512,0,0,0,0
407,0.7553132106967507,0.6577409815693964,0.4539450524120521,0,0,0,0
408,0.8345787609282639,0.600689614153989,0.3504159093175968,0,0,0,0
409,0.7556219585662305,0.5181877730587466,0.4818910023239943,0,0,0,0
410,0.697055749023175,0.2441573655799633,0.250119247063629,0,0,0,0
411,0.6765109776664668,0.393276696582451,0,1,0,0,-1
412,0.7495755572884175,0.5814776773047463,0.1198492563126241,0,0,0,0
413,0.7761603085228784,0.5044070970592773,0.2171371984906654,0,0,0,0
414,0.7013072863788368,0.3250805747955001,0.1608922162449842,0,0,0,0
415,0.2530004296699958,0.5578614392683779,0.8858254345594817,0,0,0,0
416,0,0.5611081482498211,0.7999291245831271,1,-1,0,0
417,0,0.446706690549595,0.7754717323318739,1,-1,0,0
418,0,0.3334604931804256,0.7739225062584093,1,-1,0,0
419,0,0.3932802051678697,0.6765089519833234,1,-1,0,0
420,0.317698118276797,0.7226716227296408,0.8625070380534671,0,0,0,0
421,0,0.8058861863985126,0.6917380828150204,1,-1,0,0
422,0.187707961029996,1,0.6584530588211426,1,0,1,0
423,0.09560131407631856,1,0.610030777693906,1,0,1,0
424,0,0.9346581186524701,0.6111111111100853,1,-1,0,0
425,0,0.8451169265291437,0.6089297672554184,1,-1,0,0
426,0,0.6221709154956737,0.7401600093830421,1,-1,0,0
427,0,0.7194839520440799,0.7347674203075006,1,-1,0,0
428,0,0.6390257395562311,0.6540810990337228,1,-1,0,0
429,0,0.5268372944156058,0.6916964658658086,1,-1,0,0
430,0.3446066527560969,0.4031237688011763,0.8362124889312242,0,0,0,0
431,0.3671129861182311,0.5947253794576353,0.8375878295738505,0,0,0,0
432,0.5058189853685741,0.3413063123436558,0.6416044865501069,0,0,0,0
433,0.5034493885592963,0.4808379585466352,0.7540629831988233,0,0,0,0
434,0.1335008386567168,0.8669296686982644,0.8670432947143935,0,0,0,0
435,0.1148717401319954,0.7450133685505097,0.8737234962547458,0,0,0,0
436,0.1390733526656171,0.4631043350207573,0.8627961733263148,0,0,0,0
437,0.155931434585588,0.6323441693936083,0.8441430010103959,0,0,0,0
438,0.1879133770600118,0.3485380506594389,0.7770346240138101,0,0,0,0
439,0.1306865202621793,0.4520610476284234,0.7187516789541917,0,0,0,0
440,0.2356799779220932,0.5176194502960992,0.76421919937813,0,0,0,0
441,0.1155400078223355,0.895647152088625,0.7574404555457216,0,0,0,0
442,0,0.09380445287688685,0.6104108390312918,1,-1,0,0
443,0,0.2748104435106699,0.6687423415384166,1,-1,0,0
444,0.4795610891694322,0,0.5030113894860486,1,0,-1,0
445,0.3849001794594552,0,0.5555555555536416,1,0,-1,0
446,0.2886751345949071,0,0.6111111111095173,1,0,-1,0
447,0.3780966408251708,0,0.3593882953475717,1,0,-1,0
448,0.4665118631994725,0,0.3971375743852095,1,0,-1,0
449,0.3816625825510019,0,0.4505049818447034,1,0,-1,0
450,0.0955989974396273,0,0.3899658014956546,1,0,-1,0
451,0.09622504486486474,0,0.4999999999988525,1,0,-1,0
452,0,0.0936095683491992,0.3899692223039964,1,-1,0,0
453,0,0.09451783424168689,0.4999999999988619,1,-1,0,0
454,0.4444295718045864,0,0.3009108442625071,1,0,-1,0
455,0.522670016199084,0,0.2235139633439826,1,0,-1,0
456,0.3360808048131403,0.310002033759095,0.6898807846028004,0,0,0,0
457,0.2886751345944957,0,0.4999999999984633,1,0,-1,0
458,0.1924500897298349,0,0.5555555555543014,1,0,-1,0
459,0,0.204589075734511,0.5624009359248231,1,-1,0,0
460,0.5231238706521847,0.1258003240025821,0.5547373849459548,0,0,0,0
461,0.7050694814444327,0.1296205188149577,0.2788102932002598,0,0,0,0
462,0.660300598412114,0.170797829973285,0.3970722985221672,0,0,0,0
463,0.4153793064073579,0.1686743415059384,0.6111111111089187,0,0,0,0
464,0.2663797073138344,0.1248429839490416,0.7019096134622596,0,0,0,0
465,0.1170846357604711,0.3348774196950537,0.6731398040314271,0,0,0,0
466,0.1336153715026612,0.1344936836688361,0.7492338524531803,0,0,0,0
467,0.1759184394189359,0.2256285401421213,0.648630154603085,0,0,0,0
468,0.5851481530261864,0.1177332621242224,0.3113434417873092,0,0,0,0
469,0.7026059036992215,0.1315464657505043,0.1458593727143723,0,0,0,0
470,0.3944304447434787,0.1095370005432734,0.5099554284416257,0,0,0,0
471,0.2786276333484214,0.1394732028163345,0.5750345010943017,0,0,0,0
472,0.288389049261764,0,0.3768373171346593,1,0,-1,0
473,0.1924500897295673,0,0.4444444444432346,1,0,-1,0
474,0.7022251161441133,0.4274071285663699,0.2673942597675662,0,0,0,0
475,0.6956499412180468,0.32918129284006,0.3324298830731325,0,0,0,0
476,0.4472198986675173,0.2720151035928995,0.5671187513104771,0,0,0,0
477,0.6119771960809687,0.2932229506513847,0.4159956774681357,0,0,0,0
478,0.5386026067997288,0.127584654574688,0.4267440476413642,0,0,0,0
479,0.3603273769542178,0.2235129456375295,0.5060802840230093,0,0,0,0
480,0.5345012668433589,0.2402266383595128,0.4964086361056061,0,0,0,0
481,0.139637219884686,0.136847874845929,0.5359190183085539,0,0,0,0
482,0.1264948497892138,0.5837707038201566,0.7236324667721582,0,0,0,0
483,0.5778527171019417,0.5816669733581256,0.7237593098856306,0,0,0,0
484,0.617904517834261,0.4841433697071627,0.6249804451548574,0,0,0,0
485,0.7210083018341125,0.863464898471169,0.3087027804696985,0,0,0,0
486,0.3741455170831681,0.4470577313012644,0.7034886309941902,0,0,0,0
487,0.4511138645429706,0.8177398010762337,0.8222290825932932,0,0,0,0
488,0.09622504486479042,1,0.4999999999988355,1,0,1,0
489,0,0.9059667342278872,0.3844029556957723,1,-1,0,0
490,0,0.9013950023536299,0.5014241219476641,1,-1,0,0
491,0.3849355230220546,1,0.6595468849869162,1,0,1,0
492,0.5800585006074872,1,0.5516546709985602,1,0,1,0
493,0.4808410273484928,1,0.6115722926819701,1,0,1,0
494,0.3847825639304701,1,0.5553518394820235,1,0,1,0
495,0.3938253089428523,0.5701214172868652,0.7175436485812352,0,0,0,0
496,0.4678380828278583,0.5197629747135315,0.6297049037199246,0,0,0,0
497,0.0955961097971357,1,0.3899607999521016,1,0,1,0
498,0.7249156097689033,0.5710948114435488,0.3056427193004018,0,0,0,0
499,0.6288308048758431,0.4981909066402166,0.494395638352929,0,0,0,0
500,0.3780898898591725,1,0.3593913190670011,1,0,1,0
501,0.2883802239365713,1,0.3768230436331459,1,0,1,0
502,0.549364394701827,1,0.332301452603543,1,0,1,0
503,0.3816396110468654,1,0.4504651940320559,1,0,1,0
504,0.656801554407763,0.8984254209663929,0.2245866369605741,0,0,0,0
505,0.722142229307187,0.7047681000260642,0.1324369968518281,0,0,0,0
506,0.6400539191346354,0.8049165731075761,0.1663124382794024,0,0,0,0
507,0.6088079269753093,0.8451934987786296,0,1,0,0,-1
508,0.0986655664201067,0.8922356704662154,0.5698509898680795,0,0,0,0
509,0.3486686885768525,0.7882284585209655,0.7665318069104875,0,0,0,0
510,0.2350549336820879,0.7494934909759662,0.6480864373113411,0,0,0,0
511,0.229577736130658,0.8890705647840791,0.7468474072557544,0,0,0,0
512,0.2510497030717607,0.8878875347948503,0.5635698019856474,0,0,0,0
513,0.1295310283804061,0.7125087423589658,0.6894859882214008,0,0,0,0
514,0.2506947223574928,0.6546669228510132,0.7186584432610659,0,0,0,0
515,0.1511032744934604,0.8451283982365233,0.6607803436935212,0,0,0,0
516,0.3101280104281907,0.8405153307320335,0.66529535567451,0,0,0,0
517,0.2100154596673959,0.7741308438305406,0.79046933347485,0,0,0,0
518,0.2879896549183606,1,0.609923825482757,1,0,1,0
519,0.2886549210967351,1,0.4999649891934941,1,0,1,0
520,0.1924327638743678,1,0.4444144351817374,1,0,1,0
521,0.1923461345982781,1,0.5553754999849368,1,0,1,0
522,0,0.7424695625934457,0.6248957737714416,1,-1,0,0
523,0.4170943661772353,0.6252439240019424,0.6108650349182019,0,0,0,0
524,0.473680439338827,0.8877310364782062,0.562441096687498,0,0,0,0
525,0.716682141135232,0.8760354593571591,0.4390136254280684,0,0,0,0
526,0.5122138393929995,0.7105565210221492,0.7103999008727879,0,0,0,0
527,0.6523504382691431,0.7377188685421254,0.4234583719416314,0,0,0,0
528,0.4229424107843999,0.8854388391240806,0.7028673914219352,0,0,0,0
529,0.695301689570833,0.6282187254744886,0.5644774872320958,0,0,0,0
530,0.4839798899781353,0.8780317412106591,0.4405013017123109,0,0,0,0
531,0.6382011489888831,0.7273167454403709,0.6245564030355427,0,0,0,0
532,0.5940403089003795,0.8575549718660195,0.5078050016524114,0,0,0,0
533,0.6176580632959936,0.6223596752119855,0.4613876999156913,0,0,0,0
534,0.594966687304374,0.8309530313801254,0.3604946181404748,0,0,0,0
535,0.5357701419909821,0.635524355605376,0.6144473828517646,0,0,0,0
536,0.5207176002146998,0.820662915230488,0.6538677953033175,0,0,0,0
537,0.7186840969279299,0.7762100678044789,0.5237988502936273,0,0,0,0
538,0.6868780269310251,0.6868685510328734,0.3131314526606774,0,0,0,0
539,0.3894065935808126,0.6946074711139109,0.7029420770050525,0,0,0,0
540,0.4664996173679042,1,0.3971358103726648,1,0,1,0
541,0.5724255070144997,1,0.4383972432050942,1,0,1,0
542,0.4795376579974558,1,0.5029708055056807,1,0,1,0
543,0.531663569670293,0.2294797920776407,0.3423199805557203,0,0,0,0
544,0.5962048472504943,0.1980558801315937,0.208769108566944,0,0,0,0
545,0.5635465794147667,0.2005573940624034,0,1,0,0,-1
546,0.6687434937001547,0.274808447908415,0,1,0,0,-1
547,0.503510788189462,0.09419809035799265,0,1,0,0,-1
548,0.1965052359930829,0.4118591273294708,0.6117912751169133,0,0,0,0
549,0,0.3289440156480378,0.5741221571933657,1,-1,0,0
550,0,0.4483443653779368,0.5800590569548245,1,-1,0,0
551,0.4114388565395786,0.1604437913411516,0.4037115363072148,0,0,0,0
552,0.08133897861924227,1,0.08133897861906399,1,0,1,0
553,0.5926853644191622,0.2816252416909464,0.1149549600566015,0,0,0,0
554,0.5741270444797003,0.3289355506200602,0,1,0,0,-1
555,0,0.9186610213813378,0.0813389786184838,1,-1,0,0
556,0.08133897861914859,0.9186610213808513,0,1,0,0,-1
557,0.4637484324908486,0.1305325676641151,0.2852834481216598,0,0,0,0
558,0.3888888888878945,0,0.09364588323532158,1,0,-1,0
559,0.4150019415661353,0,0.1993534027399213,1,0,-1,0
560,0.5014573885886074,0,0.09841195325663891,1,0,-1,0
561,0.3856684567440923,0.1117573382236565,0,1,0,0,-1
562,0.6045105977091803,0.7581729753799997,0.2683981449974149,0,0,0,0
563,0.6447341436383494,0.4619841344758059,0.1634963371288422,0,0,0,0
564,0.6350156629653503,0.6097383029781962,0.1684099307046422,0,0,0,0
565,0.6249009508172714,0.7424703469927811,0,1,0,0,-1
566,0.6540818993329722,0.6390243533979256,0,1,0,0,-1
567,0.5724307160678651,0.5615937344477593,0,1,0,0,-1
568,0.5800663237654559,0.4483317788933204,0,1,0,0,-1
569,0.08133897861857713,0,0.08133897861857713,1,0,-1,0
570,0.1670051569742,0,0.09395951644439116,1,0,-1,0
571,0.2755991213352015,0,0.09414619585398377,1,0,-1,0
572,0,0.08133897861924164,0.08133897861906336,1,-1,0,0
573,0.08133897861906306,0.08133897861924133,0,1,0,0,-1
574,0.2681415939207832,0.09958845832872243,0,1,0,0,-1
575,0,0.1671374854763577,0.09408578278426301,1,-1,0,0
576,0,0.2777777777789339,0.09622504486533812,1,-1,0,0
577,0.1656695287941473,0.09243000262573083,0,1,0,0,-1
578,0.09408578278426331,0.1671374854763573,0,1,0,0,-1
579,0.09622504486533812,0.2777777777789339,0,1,0,0,-1
580,0.5841343698595926,0.7081129390997503,0.1121846972500296,0,0,0,0
581,0.5493654075699823,0.6676967930512867,0,1,0,0,-1
582,0.5211777841380172,0.1543493564259056,0.110787535094945,0,0,0,0
583,0.4642569206855038,0.1806231619979853,0,1,0,0,-1
584,0.2886751345939342,0.2777777777806509,0,1,0,0,-1
585,0.3849001794584412,0.2222222222252454,0,1,0,0,-1
586,0.3842771581549321,0.3329513542992305,0,1,0,0,-1
587,0.4776477856946492,0.2759878018078222,0,1,0,0,-1
588,0.4808645351305213,0.3883869906435276,0,1,0,0,-1
589,0.4234167520372732,0.4147991251204001,0.6020676873297965,0,0,0,0
590,0.4444685330561557,0.418490407761394,0.4403124444378838,0,0,0,0
591,0.4756881822283731,0.2497306991262118,0.240771746643917,0,0,0,0
592,0.29884292426181,0.4338962346666794,0.5477484155138157,0,0,0,0
593,0.4467927081741212,0.2915685674856071,0.4192334578962101,0,0,0,0
594,0.5257247539849632,0.3711136395504999,0.5072873919443369,0,0,0,0
595,0.5951662594496812,0.378829337404439,0.2574052939906316,0,0,0,0
596,0.6528389884318928,0.486753884339242,0.3566139492817716,0,0,0,0
597,0.530766007497685,0.3773326319854464,0.3758998298106391,0,0,0,0
598,0.3828810742750118,0.3520817024211885,0.5116361452732033,0,0,0,0
599,0.4999993142353252,0.5000007112670184,0.4999999999999914,0,0,0,0
600,0.2733148156445181,0.3112295898708929,0.5734572684577357,0,0,0,0
601,0.140181641832445,0.3449506280300353,0.4932738689703133,0,0,0,0
602,0,0.2501220722272832,0.3868033625845495,1,-1,0,0
603,0,0.1828787052147186,0.4440243422213571,1,-1,0,0
604,0,0.3394798303879336,0.3842340897333795,1,-1,0,0
605,0,0.2792071629177277,0.4724201026029773,1,-1,0,0
606,0,0.3884251943264437,0.4808424782238097,1,-1,0,0
607,0,0.4446363513186886,0.3847893819740638,1,-1,0,0
608,0.5713484988618923,0.8909199300004111,0.1090800699995148,0,0,0,0
609,0.4817418446200723,0.8051236876564469,0.1205798834084708,0,0,0,0
610,0.5204444590268804,0.8515804081037227,0.2363544826348197,0,0,0,0
611,0.3870116773110455,1,0.09420057633701158,1,0,1,0
612,0.3405680491048815,1,0.2797134307057134,1,0,1,0
613,0.4150019415682343,1,0.1993534027396511,1,0,1,0
614,0.4444087214160167,1,0.300991408672927,1,0,1,0
615,0.5224958857974706,1,0.224192458737614,1,0,1,0
616,0.5014241219509155,1,0.09860499764611047,1,0,1,0
617,0.3870116773103636,0.9057994236621565,0,1,0,0,-1
618,0.3405680580227341,0.7202865538370008,0,1,0,0,-1
619,0.4150019415617741,0.8006465972575139,0,1,0,0,-1
620,0.4444088683089946,0.6990083368922579,0,1,0,0,-1
621,0.522496106856196,0.7758071583692178,0,1,0,0,-1
622,0.2755991213359113,0.9058538041450377,0,1,0,0,-1
623,0.5014241219501686,0.901395002353785,0,1,0,0,-1
624,0.5292609593786765,0.5037243596713509,0.3770836625050021,0,0,0,0
625,0.5902452762040025,0.5962055468502881,0.315784220173446,0,0,0,0
626,0.4980321786538352,0.3421158171119629,0.1713374406801715,0,0,0,0
627,0.5291899893468045,0.5000193480858148,0.2480703136993275,0,0,0,0
628,0.3761386967353476,0.6410288122724759,0,1,0,0,-1
629,0.4665084126154972,0.602848955807058,0,1,0,0,-1
630,0.4795610891680779,0.4969886105140425,0,1,0,0,-1
631,0.3816625825498151,0.5494950181551728,0,1,0,0,-1
632,0.384900179458264,0.4444444444468117,0,1,0,0,-1
633,0.2296293116414544,0.5204915074792525,0.6458432147967142,0,0,0,0
634,0.1034365774972355,0.5159199770134936,0.618370571378444,0,0,0,0
635,0.293147140608265,0.6581993144708499,0.5980089187362903,0,0,0,0
636,0.1234496766899106,0.7056602408923174,0.5192307160846195,0,0,0,0
637,0.137390261846235,0.522952570815835,0.5013467321636339,0,0,0,0
638,0.1418314028603119,0.8609865467357236,0.4678845319394309,0,0,0,0
639,0.1727475769461516,0.6151536991918267,0.6027007679636057,0,0,0,0
640,0.3374145526792678,0.5381639993401318,0.5997155891655355,0,0,0,0
641,0,0.6402532158156392,0.3779297405486441,1,-1,0,0
642,0,0.6028621962881615,0.4665007496026715,1,-1,0,0
643,0,0.8006465972580836,0.4150019415623346,1,-1,0,0
644,0,0.6990085459381934,0.4444086359118296,1,-1,0,0
645,0,0.7758072971669738,0.5224950884013748,1,-1,0,0
646,0,0.6676984102363397,0.5493644738878046,1,-1,0,0
647,0,0.5616020513992411,0.5724259142733206,1,-1,0,0
648,0,0.4970259257391806,0.4795395452126525,1,-1,0,0
649,0,0.5495270026338908,0.381644116302335,1,-1,0,0
650,0,0.6220119901129445,0.2877146703454502,1,-1,0,0
651,0,0.6109597589343501,0.0961376616437605,1,-1,0,0
652,0,0.5000000000017728,0.0962250448645372,1,-1,0,0
653,0.2869327968255968,0.6223224113493252,0,1,0,0,-1
654,0.1822575801858884,0.6607896748816479,0,1,0,0,-1
655,0.09559899743936509,0.6100341985046547,0,1,0,0,-1
656,0.09246876031370743,0.7157607465765574,0,1,0,0,-1
657,0.1704932613110091,1,0.2523466137545284,1,0,1,0
658,0.2512943206728969,1,0.2721811647699364,1,0,1,0
659,0.3138096689145797,1,0.186335261099183,1,0,1,0
660,0.1008036606884426,1,0.1743625757052904,1,0,1,0
661,0.182205059494488,1,0.3371935157757849,1,0,1,0
662,0.2133829034932989,1,0.178416796188618,1,0,1,0
663,0.1670051569752767,1,0.09395951644490555,1,0,1,0
664,0.09246876031416476,1,0.2842392534238514,1,0,1,0
665,0.2755991213371212,1,0.09414619585416763,1,0,1,0
666,0,0.7222222222230044,0.2534719989255037,1,-1,0,0
667,0,0.8136770731743699,0.2874929974556731,1,-1,0,0
668,0,0.8301945658812936,0.08807099181732245,1,-1,0,0
669,0,0.8998446734749022,0.1711736709345046,1,-1,0,0
670,0,0.7746809246103687,0.1802125558108048,1,-1,0,0
671,0,0.6664900891266464,0.186480953360075,1,-1,0,0
672,0,0.7179778194658787,0.3396585874796101,1,-1,0,0
673,0,0.9233057177993275,0.2793973665124901,1,-1,0,0
674,0,0.7213141091547951,0.09570074554014155,1,-1,0,0
675,0.1680414450696949,0.7503179769589259,0,1,0,0,-1
676,0.2512943206698897,0.7278188352305547,0,1,0,0,-1
677,0.3138096703986201,0.8136647363238816,0,1,0,0,-1
678,0.1008036606879415,0.8256374242948439,0,1,0,0,-1
679,0.2133829034910477,0.8215832038110256,0,1,0,0,-1
680,0.1670051569752183,0.9060404835550606,0,1,0,0,-1
681,0.109994929378504,0.241369217582118,0.4375254749442052,0,0,0,0
682,0.1259840412007994,0.1138227346953604,0.2548441189496931,0,0,0,0
683,0.2766158870253173,0.1281814522135998,0.4062659879097499,0,0,0,0
684,0.3282762392604841,0.1444789058332852,0.2858469706546899,0,0,0,0
685,0.1522068321940051,0.1509394916336864,0.3683239607900101,0,0,0,0
686,0.4122796912713069,0.1779606872033162,0.1723333384997738,0,0,0,0
687,0.2339232538174222,0.2329144878851383,0.4744089920482681,0,0,0,0
688,0.1704937551677346,0,0.2523474519220938,1,0,-1,0
689,0.2512943206715333,0,0.2721811647687373,1,0,-1,0
690,0.3158766474659315,0,0.1851888997180174,1,0,-1,0
691,0.1008036606879958,0,0.1743625757050272,1,0,-1,0
692,0.1822098992978971,0,0.3372017298264228,1,0,-1,0
693,0.2133829034919612,0,0.1784167961881725,1,0,-1,0
694,0.340569315526522,0,0.2797085373382116,1,0,-1,0
695,0.09246876031396391,0,0.2842392534236432,1,0,-1,0
696,0,0.1731415772861647,0.2556655467918037,1,-1,0,0
697,0,0.2697095667157654,0.2910580754111872,1,-1,0,0
698,0,0.1016580176682168,0.1748106556202667,1,-1,0,0
699,0,0.1793350959002709,0.3422802029538468,1,-1,0,0
700,0,0.2215259746605584,0.1825380390685098,1,-1,0,0
701,0,0.0924826601332393,0.2842597782735006,1,-1,0,0
702,0.2998396842773949,0.1860042339654821,0,1,0,0,-1
703,0.2016475250350907,0.2049569022264217,0,1,0,0,-1
704,0.2424011306062525,0.2243203892892657,0.3463585370562438,0,0,0,0
705,0.4661466011016368,0.3988993324583024,0.2745956784424403,0,0,0,0
706,0.2955838653876923,0.3394030583028174,0.4016767841455409,0,0,0,0
707,0.3894236885452579,0.2970600201981394,0.3053763869001356,0,0,0,0
708,0,0.3345606401777648,0.19002249889707,1,-1,0,0
709,0,0.390040330122423,0.2880103496890502,1,-1,0,0
710,0,0.500000000001977,0.2886751345935526,1,-1,0,0
711,0,0.5555555555570908,0.1924500897289885,1,-1,0,0
712,0,0.4444444444465333,0.1924500897291354,1,-1,0,0
713,0,0.3888888888910643,0.09622504486466069,1,-1,0,0
714,0.1939829956136594,0.330455780002487,0,1,0,0,-1
715,0.2886751345937827,0.3888888888913254,0,1,0,0,-1
716,0.2886751345936002,0.5000000000019764,0,1,0,0,-1
717,0.1924500897290017,0.5555555555570943,0,1,0,0,-1
718,0.1924500897291505,0.4444444444465258,0,1,0,0,-1
719,0.09622504486466066,0.3888888888910644,0,1,0,0,-1
720,0.3899471579907267,0.751783602093436,0.2538907874074098,0,0,0,0
721,0.3459912094753973,0.895497586185188,0.3991671726095543,0,0,0,0
722,0.1461773613573862,0.752860715993062,0.4062517192186218,0,0,0,0
723,0.3464248552362759,0.7573643309331964,0.41277125122225,0,0,0,0
724,0.2507489663400914,0.5750041666457386,0.5038036578259555,0,0,0,0
725,0.2968674645969972,0.8817779088687717,0.2648503474826567,0,0,0,0
726,0.4705866663947635,0.62540407074217,0.5037502066718222,0,0,0,0
727,0.5104262141527128,0.7347966657008312,0.3352671218040768,0,0,0,0
728,0.3713144498648526,0.5183907557888444,0.4713169333216251,0,0,0,0
729,0.3924927684809344,0.7346280946662985,0.5723168741627324,0,0,0,0
730,0.1313393578020566,0.8720188315192861,0.3208798370943878,0,0,0,0
731,0.3726724350034569,0.8508498239315024,0.5032243099457302,0,0,0,0
732,0.3470627066855517,0.6492049371001479,0.4758124077410705,0,0,0,0
733,0.2532192001694611,0.8305851202667727,0.372466529204002,0,0,0,0
734,0.4703333103773439,0.6152561657348681,0.3689151940743631,0,0,0,0
735,0.418963088293264,0.8278046738938672,0.3389511213619781,0,0,0,0
736,0.5005515869430085,0.709566158766502,0.2076133788504682,0,0,0,0
737,0.2409615652527408,0.7664428802887124,0.5284715718535612,0,0,0,0
738,0.4931087441072607,0.7502577079568339,0.4811781939013627,0,0,0,0
739,0.2522377529626622,0.4681013881437984,0.4394982890016277,0,0,0,0
740,0.1004010863473092,0.5637967548441198,0.2429228805029415,0,0,0,0
741,0.2448650051065414,0.7029632479741573,0.2272858024301271,0,0,0,0
742,0.4277889775008329,0.2739371996151279,0.1063656720395668,0,0,0,0
743,0.1003232557488088,0.606752145654166,0.3470892208277975,0,0,0,0
744,0.1130873361706909,0.2774859738934119,0.253146094759731,0,0,0,0
745,0.1053071341716387,0.4327595518402774,0.249064410771715,0,0,0,0
746,0.2751370220325429,0.4316408252188913,0.3280659713646308,0,0,0,0
747,0.1161247535636206,0.4371710387188212,0.4184878989678065,0,0,0,0
748,0.240587049718341,0.2422407382369778,0.1203594859892487,0,0,0,0
749,0.4158146870211789,0.6371348111727192,0.2604416395464208,0,0,0,0
750,0.2752884554308684,0.5645269826816057,0.1114379472936562,0,0,0,0
751,0.2577168540804405,0.7507213513525374,0.1232425086802662,0,0,0,0
752,0.2673297956348098,0.3145990526379111,0.2740358431732311,0,0,0,0
753,0.2511914591954224,0.8760666026401672,0.1239333973603978,0,0,0,0
754,0.3513664370378691,0.4171507452206178,0.2372363261144271,0,0,0,0
755,0.3006333643819876,0.441278283748442,0.1192936560438577,0,0,0,0
756,0.1194823431571395,0.8805176568423593,0.1194823431576794,0,0,0,0
757,0.4303201609475895,0.4549850553358774,0.1298806071949057,0,0,0,0
758,0.2831907309062206,0.5507370226574833,0.3327717248361203,0,0,0,0
759,0.1359834095240783,0.720512214145122,0.1280244153668791,0,0,0,0
760,0.2834782350934627,0.1302098646970953,0.1450912481415821,0,0,0,0
761,0.4794798561402708,0.583365739729315,0.1419128790069093,0,0,0,0
762,0.135214696711166,0.4913591848561895,0.135214696711166,0,0,0,0
763,0.1347180076395917,0.1347128789972734,0.134718007639592,0,0,0,0
764,0.1372289300460092,0.6967865081564948,0.2954171802630491,0,0,0,0
765,0.1445234833301453,0.314481776725829,0.1439233150283681,0,0,0,0
766,0.150732395046553,0.5105612879017324,0.3285297875722135,0,0,0,0
767,0.3603064431956204,0.681534213185072,0.144290222173837,0,0,0,0
768,0.3301771546781843,0.3186559682069188,0.1540723350245509,0,0,0,0
769,0.393181665865882,0.4683624168751364,0.3499097813925203,0,0,0,0
770,0.1654050435994379,0.3250180318302313,0.3495312458224475,0,0,0,0
771,0.3634272768322507,0.8299926428050045,0.17000735736436,0,0,0,0
772,0.3566600197550082,0.5438677698858977,0.2054921008677019,0,0,0,0
773,0.1768258323371762,0.6331680119506931,0.4218406274085554,0,0,0,0
774,0.1871988136033669,0.6109840168406998,0.1887443334352254,0,0,0,0
775,0.1934571200013836,0.805465636800988,0.2162629593995897,0,0,0,0
776,0.2090211101510866,0.2088376046351013,0.2338938534422954,0,0,0,0
777,0.221718234700772,0.4212724765959558,0.2217182347007753,0,0,0,0
778,0.3161284570545559,0.6841733887520245,0.3158266124644452,0,0,0,0
779,0.0962250448645372,0.5000000000017728,0,1,0,0,-1
